participant, age, gender, handedness, imageletter_con, block_number, block_type, letter_block, stim1, stim2, stim3, stim4, stimulus, pressed_key, correct_key, correct, startRT, prepRT, rt, time_elapsed, factor, resp
32,27,female,right,1,1,1,0,images/PICTURE_429.png,images/PICTURE_397.png,images/PICTURE_19.png,images/PICTURE_138.png,<div><img width = '150' height = '150' src = 'images/PICTURE_19.png'></img></div>,f,J,FALSE,1950,11776,953,149710,undefined,undefined
32,27,female,right,1,2,1,1,images/PICTURE_566.png,images/PICTURE_204.png,images/PICTURE_615.png,images/PICTURE_542.png,"<div id=""images""><a><img src=""instructions/placeholder.PNG"" width=""150px"" height=""150px"" style=""padding-bottom: 50px;""><div class=""caption"">-</div></a><a><img src=""images/PICTURE_204.png"" width=""150px"" height=""150px"" style=""padding-bottom: 50px;""><div class=""caption"">F</div></a><a><img src=""instructions/placeholder.PNG"" width=""150px"" height=""150px"" style=""padding-bottom: 50px;""><div class=""caption"">-</div></a><a><img src=""instructions/placeholder.PNG"" width=""150px"" height=""150px"" style=""padding-bottom: 50px;""><div class=""caption"">-</div></a></div>",f,F,TRUE,1641,8453,1702,163521,undefined,undefined
32,27,female,right,1,3,1,0,images/PICTURE_137.png,images/PICTURE_170.png,images/PICTURE_161.png,images/PICTURE_371.png,<div><img width = '150' height = '150' src = 'images/PICTURE_371.png'></img></div>,k,K,TRUE,828,6214,3223,175809,undefined,undefined
32,27,female,right,1,4,1,1,images/PICTURE_528.png,images/PICTURE_326.png,images/PICTURE_439.png,images/PICTURE_358.png,"<div id=""images""><a><img src=""instructions/placeholder.PNG"" width=""150px"" height=""150px"" style=""padding-bottom: 50px;""><div class=""caption"">-</div></a><a><img src=""instructions/placeholder.PNG"" width=""150px"" height=""150px"" style=""padding-bottom: 50px;""><div class=""caption"">-</div></a><a><img src=""instructions/placeholder.PNG"" width=""150px"" height=""150px"" style=""padding-bottom: 50px;""><div class=""caption"">-</div></a><a><img src=""images/PICTURE_358.png"" width=""150px"" height=""150px"" style=""padding-bottom: 50px;""><div class=""caption"">K</div></a></div>",k,K,TRUE,891,3686,1232,183640,undefined,undefined
32,27,female,right,1,5,1,0,images/PICTURE_176.png,images/PICTURE_193.png,images/PICTURE_93.png,images/PICTURE_711.png,<div><img width = '150' height = '150' src = 'images/PICTURE_176.png'></img></div>,d,D,TRUE,1492,5359,1458,193966,undefined,undefined
32,27,female,right,1,6,1,0,images/PICTURE_599.png,images/PICTURE_236.png,images/PICTURE_504.png,images/PICTURE_96.png,<div><img width = '150' height = '150' src = 'images/PICTURE_236.png'></img></div>,f,F,TRUE,603,3895,819,201304,undefined,undefined
32,27,female,right,1,7,1,1,images/PICTURE_636.png,images/PICTURE_136.png,images/PICTURE_179.png,images/PICTURE_215.png,"<div id=""images""><a><img src=""instructions/placeholder.PNG"" width=""150px"" height=""150px"" style=""padding-bottom: 50px;""><div class=""caption"">-</div></a><a><img src=""images/PICTURE_136.png"" width=""150px"" height=""150px"" style=""padding-bottom: 50px;""><div class=""caption"">F</div></a><a><img src=""instructions/placeholder.PNG"" width=""150px"" height=""150px"" style=""padding-bottom: 50px;""><div class=""caption"">-</div></a><a><img src=""instructions/placeholder.PNG"" width=""150px"" height=""150px"" style=""padding-bottom: 50px;""><div class=""caption"">-</div></a></div>",f,F,TRUE,512,3887,713,208438,undefined,undefined
32,27,female,right,1,8,1,1,images/PICTURE_653.png,images/PICTURE_74.png,images/PICTURE_15.png,images/PICTURE_673.png,"<div id=""images""><a><img src=""instructions/placeholder.PNG"" width=""150px"" height=""150px"" style=""padding-bottom: 50px;""><div class=""caption"">-</div></a><a><img src=""instructions/placeholder.PNG"" width=""150px"" height=""150px"" style=""padding-bottom: 50px;""><div class=""caption"">-</div></a><a><img src=""instructions/placeholder.PNG"" width=""150px"" height=""150px"" style=""padding-bottom: 50px;""><div class=""caption"">-</div></a><a><img src=""images/PICTURE_673.png"" width=""150px"" height=""150px"" style=""padding-bottom: 50px;""><div class=""caption"">K</div></a></div>",k,K,TRUE,725,3185,1112,215479,undefined,undefined
32,27,female,right,1,9,1,0,images/PICTURE_441.png,images/PICTURE_500.png,images/PICTURE_665.png,images/PICTURE_661.png,<div><img width = '150' height = '150' src = 'images/PICTURE_441.png'></img></div>,d,D,TRUE,608,4271,1252,223627,undefined,undefined
32,27,female,right,1,10,1,1,images/PICTURE_509.png,images/PICTURE_302.png,images/PICTURE_516.png,images/PICTURE_107.png,"<div id=""images""><a><img src=""instructions/placeholder.PNG"" width=""150px"" height=""150px"" style=""padding-bottom: 50px;""><div class=""caption"">-</div></a><a><img src=""instructions/placeholder.PNG"" width=""150px"" height=""150px"" style=""padding-bottom: 50px;""><div class=""caption"">-</div></a><a><img src=""instructions/placeholder.PNG"" width=""150px"" height=""150px"" style=""padding-bottom: 50px;""><div class=""caption"">-</div></a><a><img src=""images/PICTURE_107.png"" width=""150px"" height=""150px"" style=""padding-bottom: 50px;""><div class=""caption"">K</div></a></div>",k,K,TRUE,380,3926,792,230746,undefined,undefined
32,27,female,right,1,11,1,1,images/PICTURE_62.png,images/PICTURE_452.png,images/PICTURE_83.png,images/PICTURE_43.png,"<div id=""images""><a><img src=""instructions/placeholder.PNG"" width=""150px"" height=""150px"" style=""padding-bottom: 50px;""><div class=""caption"">-</div></a><a><img src=""images/PICTURE_452.png"" width=""150px"" height=""150px"" style=""padding-bottom: 50px;""><div class=""caption"">F</div></a><a><img src=""instructions/placeholder.PNG"" width=""150px"" height=""150px"" style=""padding-bottom: 50px;""><div class=""caption"">-</div></a><a><img src=""instructions/placeholder.PNG"" width=""150px"" height=""150px"" style=""padding-bottom: 50px;""><div class=""caption"">-</div></a></div>",f,F,TRUE,491,5480,664,239400,undefined,undefined
32,27,female,right,1,12,1,1,images/PICTURE_618.png,images/PICTURE_725.png,images/PICTURE_233.png,images/PICTURE_420.png,"<div id=""images""><a><img src=""instructions/placeholder.PNG"" width=""150px"" height=""150px"" style=""padding-bottom: 50px;""><div class=""caption"">-</div></a><a><img src=""images/PICTURE_725.png"" width=""150px"" height=""150px"" style=""padding-bottom: 50px;""><div class=""caption"">F</div></a><a><img src=""instructions/placeholder.PNG"" width=""150px"" height=""150px"" style=""padding-bottom: 50px;""><div class=""caption"">-</div></a><a><img src=""instructions/placeholder.PNG"" width=""150px"" height=""150px"" style=""padding-bottom: 50px;""><div class=""caption"">-</div></a></div>",f,F,TRUE,323,4736,893,247376,undefined,undefined
32,27,female,right,1,13,1,1,images/PICTURE_297.png,images/PICTURE_570.png,images/PICTURE_607.png,images/PICTURE_223.png,"<div id=""images""><a><img src=""instructions/placeholder.PNG"" width=""150px"" height=""150px"" style=""padding-bottom: 50px;""><div class=""caption"">-</div></a><a><img src=""instructions/placeholder.PNG"" width=""150px"" height=""150px"" style=""padding-bottom: 50px;""><div class=""caption"">-</div></a><a><img src=""images/PICTURE_607.png"" width=""150px"" height=""150px"" style=""padding-bottom: 50px;""><div class=""caption"">J</div></a><a><img src=""instructions/placeholder.PNG"" width=""150px"" height=""150px"" style=""padding-bottom: 50px;""><div class=""caption"">-</div></a></div>",j,J,TRUE,415,2635,921,253363,undefined,undefined
32,27,female,right,1,14,1,1,images/PICTURE_318.png,images/PICTURE_414.png,images/PICTURE_556.png,images/PICTURE_349.png,"<div id=""images""><a><img src=""images/PICTURE_318.png"" width=""150px"" height=""150px"" style=""padding-bottom: 50px;""><div class=""caption"">D</div></a><a><img src=""instructions/placeholder.PNG"" width=""150px"" height=""150px"" style=""padding-bottom: 50px;""><div class=""caption"">-</div></a><a><img src=""instructions/placeholder.PNG"" width=""150px"" height=""150px"" style=""padding-bottom: 50px;""><div class=""caption"">-</div></a><a><img src=""instructions/placeholder.PNG"" width=""150px"" height=""150px"" style=""padding-bottom: 50px;""><div class=""caption"">-</div></a></div>",d,D,TRUE,364,6769,751,263270,undefined,undefined
32,27,female,right,1,15,1,1,images/PICTURE_120.png,images/PICTURE_160.png,images/PICTURE_351.png,images/PICTURE_196.png,"<div id=""images""><a><img src=""instructions/placeholder.PNG"" width=""150px"" height=""150px"" style=""padding-bottom: 50px;""><div class=""caption"">-</div></a><a><img src=""instructions/placeholder.PNG"" width=""150px"" height=""150px"" style=""padding-bottom: 50px;""><div class=""caption"">-</div></a><a><img src=""instructions/placeholder.PNG"" width=""150px"" height=""150px"" style=""padding-bottom: 50px;""><div class=""caption"">-</div></a><a><img src=""images/PICTURE_196.png"" width=""150px"" height=""150px"" style=""padding-bottom: 50px;""><div class=""caption"">K</div></a></div>",k,K,TRUE,556,3119,715,269677,undefined,undefined
32,27,female,right,1,16,1,0,images/PICTURE_579.png,images/PICTURE_417.png,images/PICTURE_718.png,images/PICTURE_584.png,<div><img width = '150' height = '150' src = 'images/PICTURE_584.png'></img></div>,k,K,TRUE,360,2482,617,275153,undefined,undefined
32,27,female,right,1,17,0,0,images/PICTURE_277.png,images/PICTURE_305.png,images/PICTURE_682.png,images/PICTURE_647.png,<div><img width = '150' height = '150' src = 'images/PICTURE_305.png'></img></div>,f,F,TRUE,2151,2743,1101,283543,undefined,undefined
32,27,female,right,1,18,0,0,images/PICTURE_256.png,images/PICTURE_185.png,images/PICTURE_697.png,images/PICTURE_640.png,<div><img width = '150' height = '150' src = 'images/PICTURE_640.png'></img></div>,k,K,TRUE,439,3164,797,289961,undefined,undefined
32,27,female,right,1,19,0,0,images/PICTURE_639.png,images/PICTURE_586.png,images/PICTURE_235.png,images/PICTURE_685.png,<div><img width = '150' height = '150' src = 'images/PICTURE_235.png'></img></div>,j,J,TRUE,619,3727,690,297017,undefined,undefined
32,27,female,right,1,20,0,0,images/PICTURE_659.png,images/PICTURE_172.png,images/PICTURE_606.png,images/PICTURE_590.png,<div><img width = '150' height = '150' src = 'images/PICTURE_606.png'></img></div>,f,J,FALSE,437,3489,667,303624,undefined,undefined
32,27,female,right,1,21,0,0,images/PICTURE_314.png,images/PICTURE_559.png,images/PICTURE_534.png,images/PICTURE_194.png,<div><img width = '150' height = '150' src = 'images/PICTURE_534.png'></img></div>,j,J,TRUE,349,2400,610,308997,undefined,undefined
32,27,female,right,1,22,0,0,images/PICTURE_3.png,images/PICTURE_126.png,images/PICTURE_341.png,images/PICTURE_655.png,<div><img width = '150' height = '150' src = 'images/PICTURE_3.png'></img></div>,f,D,FALSE,126,2554,792,314480,undefined,undefined
32,27,female,right,1,23,0,0,images/PICTURE_605.png,images/PICTURE_612.png,images/PICTURE_437.png,images/PICTURE_402.png,<div><img width = '150' height = '150' src = 'images/PICTURE_605.png'></img></div>,d,D,TRUE,625,4294,986,322406,undefined,undefined
32,27,female,right,1,24,0,0,images/PICTURE_604.png,images/PICTURE_7.png,images/PICTURE_515.png,images/PICTURE_741.png,<div><img width = '150' height = '150' src = 'images/PICTURE_741.png'></img></div>,j,K,FALSE,412,5034,3922,333796,undefined,undefined
32,27,female,right,1,25,0,0,images/PICTURE_565.png,images/PICTURE_124.png,images/PICTURE_77.png,images/PICTURE_209.png,<div><img width = '150' height = '150' src = 'images/PICTURE_565.png'></img></div>,d,D,TRUE,774,3222,968,340776,undefined,undefined
32,27,female,right,1,26,0,0,images/PICTURE_72.png,images/PICTURE_720.png,images/PICTURE_457.png,images/PICTURE_148.png,<div><img width = '150' height = '150' src = 'images/PICTURE_148.png'></img></div>,k,K,TRUE,399,3349,976,347521,undefined,undefined
32,27,female,right,1,27,0,0,images/PICTURE_296.png,images/PICTURE_470.png,images/PICTURE_633.png,images/PICTURE_744.png,<div><img width = '150' height = '150' src = 'images/PICTURE_470.png'></img></div>,f,F,TRUE,356,4142,898,354933,undefined,undefined
32,27,female,right,1,28,0,0,images/PICTURE_368.png,images/PICTURE_536.png,images/PICTURE_425.png,images/PICTURE_325.png,<div><img width = '150' height = '150' src = 'images/PICTURE_536.png'></img></div>,f,F,TRUE,1542,2966,1943,363402,undefined,undefined
32,27,female,right,1,29,0,0,images/PICTURE_311.png,images/PICTURE_684.png,images/PICTURE_699.png,images/PICTURE_59.png,<div><img width = '150' height = '150' src = 'images/PICTURE_59.png'></img></div>,k,K,TRUE,594,3447,750,370213,undefined,undefined
32,27,female,right,1,30,0,0,images/PICTURE_562.png,images/PICTURE_693.png,images/PICTURE_40.png,images/PICTURE_79.png,<div><img width = '150' height = '150' src = 'images/PICTURE_693.png'></img></div>,f,F,TRUE,739,3748,2222,378944,undefined,undefined
32,27,female,right,1,31,0,0,images/PICTURE_9.png,images/PICTURE_219.png,images/PICTURE_372.png,images/PICTURE_174.png,<div><img width = '150' height = '150' src = 'images/PICTURE_372.png'></img></div>,j,J,TRUE,461,3291,1086,385799,undefined,undefined
32,27,female,right,1,32,0,0,images/PICTURE_334.png,images/PICTURE_689.png,images/PICTURE_71.png,images/PICTURE_732.png,<div><img width = '150' height = '150' src = 'images/PICTURE_689.png'></img></div>,f,F,TRUE,358,2623,1506,392305,undefined,undefined
32,27,female,right,1,33,1,1,images/PICTURE_558.png,images/PICTURE_598.png,images/PICTURE_692.png,images/PICTURE_454.png,"<div id=""images""><a><img src=""instructions/placeholder.PNG"" width=""150px"" height=""150px"" style=""padding-bottom: 50px;""><div class=""caption"">-</div></a><a><img src=""instructions/placeholder.PNG"" width=""150px"" height=""150px"" style=""padding-bottom: 50px;""><div class=""caption"">-</div></a><a><img src=""instructions/placeholder.PNG"" width=""150px"" height=""150px"" style=""padding-bottom: 50px;""><div class=""caption"">-</div></a><a><img src=""images/PICTURE_454.png"" width=""150px"" height=""150px"" style=""padding-bottom: 50px;""><div class=""caption"">K</div></a></div>",k,K,TRUE,1117,3711,628,400204,undefined,undefined
32,27,female,right,1,34,1,0,images/PICTURE_116.png,images/PICTURE_57.png,images/PICTURE_435.png,images/PICTURE_363.png,<div><img width = '150' height = '150' src = 'images/PICTURE_435.png'></img></div>,j,J,TRUE,483,3682,598,406985,undefined,undefined
32,27,female,right,1,35,1,1,images/PICTURE_362.png,images/PICTURE_111.png,images/PICTURE_505.png,images/PICTURE_361.png,"<div id=""images""><a><img src=""instructions/placeholder.PNG"" width=""150px"" height=""150px"" style=""padding-bottom: 50px;""><div class=""caption"">-</div></a><a><img src=""images/PICTURE_111.png"" width=""150px"" height=""150px"" style=""padding-bottom: 50px;""><div class=""caption"">F</div></a><a><img src=""instructions/placeholder.PNG"" width=""150px"" height=""150px"" style=""padding-bottom: 50px;""><div class=""caption"">-</div></a><a><img src=""instructions/placeholder.PNG"" width=""150px"" height=""150px"" style=""padding-bottom: 50px;""><div class=""caption"">-</div></a></div>",f,F,TRUE,3164,3077,1295,416537,undefined,undefined
32,27,female,right,1,36,1,1,images/PICTURE_85.png,images/PICTURE_400.png,images/PICTURE_717.png,images/PICTURE_475.png,"<div id=""images""><a><img src=""instructions/placeholder.PNG"" width=""150px"" height=""150px"" style=""padding-bottom: 50px;""><div class=""caption"">-</div></a><a><img src=""instructions/placeholder.PNG"" width=""150px"" height=""150px"" style=""padding-bottom: 50px;""><div class=""caption"">-</div></a><a><img src=""instructions/placeholder.PNG"" width=""150px"" height=""150px"" style=""padding-bottom: 50px;""><div class=""caption"">-</div></a><a><img src=""images/PICTURE_475.png"" width=""150px"" height=""150px"" style=""padding-bottom: 50px;""><div class=""caption"">K</div></a></div>",k,K,TRUE,470,2743,555,422326,undefined,undefined
32,27,female,right,1,37,1,0,images/PICTURE_449.png,images/PICTURE_80.png,images/PICTURE_529.png,images/PICTURE_576.png,<div><img width = '150' height = '150' src = 'images/PICTURE_529.png'></img></div>,f,J,FALSE,469,2840,1466,429117,undefined,undefined
32,27,female,right,1,38,1,0,images/PICTURE_76.png,images/PICTURE_489.png,images/PICTURE_101.png,images/PICTURE_380.png,<div><img width = '150' height = '150' src = 'images/PICTURE_76.png'></img></div>,d,D,TRUE,397,2902,1259,435697,undefined,undefined
32,27,female,right,1,39,1,1,images/PICTURE_687.png,images/PICTURE_168.png,images/PICTURE_601.png,images/PICTURE_409.png,"<div id=""images""><a><img src=""images/PICTURE_687.png"" width=""150px"" height=""150px"" style=""padding-bottom: 50px;""><div class=""caption"">D</div></a><a><img src=""instructions/placeholder.PNG"" width=""150px"" height=""150px"" style=""padding-bottom: 50px;""><div class=""caption"">-</div></a><a><img src=""instructions/placeholder.PNG"" width=""150px"" height=""150px"" style=""padding-bottom: 50px;""><div class=""caption"">-</div></a><a><img src=""instructions/placeholder.PNG"" width=""150px"" height=""150px"" style=""padding-bottom: 50px;""><div class=""caption"">-</div></a></div>",d,D,TRUE,526,3272,632,442145,undefined,undefined
32,27,female,right,1,40,1,0,images/PICTURE_702.png,images/PICTURE_482.png,images/PICTURE_630.png,images/PICTURE_620.png,<div><img width = '150' height = '150' src = 'images/PICTURE_630.png'></img></div>,j,J,TRUE,407,3087,708,448364,undefined,undefined
32,27,female,right,1,41,1,0,images/PICTURE_588.png,images/PICTURE_283.png,images/PICTURE_23.png,images/PICTURE_312.png,<div><img width = '150' height = '150' src = 'images/PICTURE_312.png'></img></div>,k,K,TRUE,362,3377,706,454823,undefined,undefined
32,27,female,right,1,42,1,0,images/PICTURE_375.png,images/PICTURE_249.png,images/PICTURE_142.png,images/PICTURE_367.png,<div><img width = '150' height = '150' src = 'images/PICTURE_142.png'></img></div>,j,J,TRUE,330,3488,1171,461835,undefined,undefined
32,27,female,right,1,43,1,0,images/PICTURE_122.png,images/PICTURE_369.png,images/PICTURE_635.png,images/PICTURE_445.png,<div><img width = '150' height = '150' src = 'images/PICTURE_122.png'></img></div>,d,D,TRUE,312,3225,958,468348,undefined,undefined
32,27,female,right,1,44,1,1,images/PICTURE_748.png,images/PICTURE_115.png,images/PICTURE_456.png,images/PICTURE_422.png,"<div id=""images""><a><img src=""instructions/placeholder.PNG"" width=""150px"" height=""150px"" style=""padding-bottom: 50px;""><div class=""caption"">-</div></a><a><img src=""instructions/placeholder.PNG"" width=""150px"" height=""150px"" style=""padding-bottom: 50px;""><div class=""caption"">-</div></a><a><img src=""images/PICTURE_456.png"" width=""150px"" height=""150px"" style=""padding-bottom: 50px;""><div class=""caption"">J</div></a><a><img src=""instructions/placeholder.PNG"" width=""150px"" height=""150px"" style=""padding-bottom: 50px;""><div class=""caption"">-</div></a></div>",j,J,TRUE,399,3774,1024,475567,undefined,undefined
32,27,female,right,1,45,1,0,images/PICTURE_308.png,images/PICTURE_133.png,images/PICTURE_651.png,images/PICTURE_415.png,<div><img width = '150' height = '150' src = 'images/PICTURE_133.png'></img></div>,f,F,TRUE,173,2415,1516,481690,undefined,undefined
32,27,female,right,1,46,1,1,images/PICTURE_546.png,images/PICTURE_238.png,images/PICTURE_130.png,images/PICTURE_649.png,"<div id=""images""><a><img src=""images/PICTURE_546.png"" width=""150px"" height=""150px"" style=""padding-bottom: 50px;""><div class=""caption"">D</div></a><a><img src=""instructions/placeholder.PNG"" width=""150px"" height=""150px"" style=""padding-bottom: 50px;""><div class=""caption"">-</div></a><a><img src=""instructions/placeholder.PNG"" width=""150px"" height=""150px"" style=""padding-bottom: 50px;""><div class=""caption"">-</div></a><a><img src=""instructions/placeholder.PNG"" width=""150px"" height=""150px"" style=""padding-bottom: 50px;""><div class=""caption"">-</div></a></div>",d,D,TRUE,150,3636,724,488220,undefined,undefined
32,27,female,right,1,47,1,1,images/PICTURE_474.png,images/PICTURE_78.png,images/PICTURE_276.png,images/PICTURE_433.png,"<div id=""images""><a><img src=""images/PICTURE_474.png"" width=""150px"" height=""150px"" style=""padding-bottom: 50px;""><div class=""caption"">D</div></a><a><img src=""instructions/placeholder.PNG"" width=""150px"" height=""150px"" style=""padding-bottom: 50px;""><div class=""caption"">-</div></a><a><img src=""instructions/placeholder.PNG"" width=""150px"" height=""150px"" style=""padding-bottom: 50px;""><div class=""caption"">-</div></a><a><img src=""instructions/placeholder.PNG"" width=""150px"" height=""150px"" style=""padding-bottom: 50px;""><div class=""caption"">-</div></a></div>",d,D,TRUE,457,2871,777,494342,undefined,undefined
32,27,female,right,1,48,1,0,images/PICTURE_212.png,images/PICTURE_703.png,images/PICTURE_662.png,images/PICTURE_724.png,<div><img width = '150' height = '150' src = 'images/PICTURE_212.png'></img></div>,d,D,TRUE,360,3270,3503,503489,undefined,undefined
32,27,female,right,1,49,0,0,images/PICTURE_99.png,images/PICTURE_614.png,images/PICTURE_226.png,images/PICTURE_359.png,<div><img width = '150' height = '150' src = 'images/PICTURE_359.png'></img></div>,j,K,FALSE,1588,3157,736,514064,undefined,undefined
32,27,female,right,1,50,0,0,images/PICTURE_679.png,images/PICTURE_478.png,images/PICTURE_523.png,images/PICTURE_261.png,<div><img width = '150' height = '150' src = 'images/PICTURE_523.png'></img></div>,j,J,TRUE,2494,4426,751,523752,undefined,undefined
32,27,female,right,1,51,0,0,images/PICTURE_750.png,images/PICTURE_525.png,images/PICTURE_63.png,images/PICTURE_487.png,<div><img width = '150' height = '150' src = 'images/PICTURE_525.png'></img></div>,f,F,TRUE,2039,3460,872,532141,undefined,undefined
32,27,female,right,1,52,0,0,images/PICTURE_448.png,images/PICTURE_255.png,images/PICTURE_333.png,images/PICTURE_549.png,<div><img width = '150' height = '150' src = 'images/PICTURE_549.png'></img></div>,k,K,TRUE,417,2899,639,538115,undefined,undefined
32,27,female,right,1,53,0,0,images/PICTURE_216.png,images/PICTURE_563.png,images/PICTURE_552.png,images/PICTURE_535.png,<div><img width = '150' height = '150' src = 'images/PICTURE_552.png'></img></div>,j,J,TRUE,363,2806,2771,546076,undefined,undefined
32,27,female,right,1,54,0,0,images/PICTURE_488.png,images/PICTURE_379.png,images/PICTURE_269.png,images/PICTURE_45.png,<div><img width = '150' height = '150' src = 'images/PICTURE_45.png'></img></div>,k,K,TRUE,360,2859,555,551866,undefined,undefined
32,27,female,right,1,55,0,0,images/PICTURE_183.png,images/PICTURE_512.png,images/PICTURE_392.png,images/PICTURE_1.png,<div><img width = '150' height = '150' src = 'images/PICTURE_512.png'></img></div>,f,F,TRUE,512,2578,1332,558304,undefined,undefined
32,27,female,right,1,56,0,0,images/PICTURE_110.png,images/PICTURE_104.png,images/PICTURE_52.png,images/PICTURE_332.png,<div><img width = '150' height = '150' src = 'images/PICTURE_104.png'></img></div>,f,F,TRUE,361,2517,689,563893,undefined,undefined
32,27,female,right,1,57,0,0,images/PICTURE_410.png,images/PICTURE_262.png,images/PICTURE_550.png,images/PICTURE_117.png,<div><img width = '150' height = '150' src = 'images/PICTURE_117.png'></img></div>,k,K,TRUE,1506,3071,635,571124,undefined,undefined
32,27,female,right,1,58,0,0,images/PICTURE_259.png,images/PICTURE_240.png,images/PICTURE_356.png,images/PICTURE_324.png,<div><img width = '150' height = '150' src = 'images/PICTURE_356.png'></img></div>,j,J,TRUE,227,2902,633,576899,undefined,undefined
32,27,female,right,1,59,0,0,images/PICTURE_568.png,images/PICTURE_141.png,images/PICTURE_119.png,images/PICTURE_571.png,<div><img width = '150' height = '150' src = 'images/PICTURE_141.png'></img></div>,f,F,TRUE,356,4187,932,584389,undefined,undefined
32,27,female,right,1,60,0,0,images/PICTURE_652.png,images/PICTURE_267.png,images/PICTURE_153.png,images/PICTURE_319.png,<div><img width = '150' height = '150' src = 'images/PICTURE_652.png'></img></div>,d,D,TRUE,338,2937,982,590664,undefined,undefined
32,27,female,right,1,61,0,0,images/PICTURE_373.png,images/PICTURE_734.png,images/PICTURE_628.png,images/PICTURE_46.png,<div><img width = '150' height = '150' src = 'images/PICTURE_373.png'></img></div>,f,D,FALSE,433,4068,747,597927,undefined,undefined
32,27,female,right,1,62,0,0,images/PICTURE_485.png,images/PICTURE_10.png,images/PICTURE_517.png,images/PICTURE_727.png,<div><img width = '150' height = '150' src = 'images/PICTURE_485.png'></img></div>,d,D,TRUE,352,3953,920,605165,undefined,undefined
32,27,female,right,1,63,0,0,images/PICTURE_404.png,images/PICTURE_38.png,images/PICTURE_722.png,images/PICTURE_581.png,<div><img width = '150' height = '150' src = 'images/PICTURE_722.png'></img></div>,j,J,TRUE,283,3463,655,611587,undefined,undefined
32,27,female,right,1,64,0,0,images/PICTURE_345.png,images/PICTURE_554.png,images/PICTURE_708.png,images/PICTURE_237.png,<div><img width = '150' height = '150' src = 'images/PICTURE_554.png'></img></div>,f,F,TRUE,165,4910,863,619542,undefined,undefined
32,27,female,right,1,65,1,0,images/PICTURE_202.png,images/PICTURE_147.png,images/PICTURE_344.png,images/PICTURE_353.png,<div><img width = '150' height = '150' src = 'images/PICTURE_344.png'></img></div>,j,J,TRUE,710,3311,1750,627707,undefined,undefined
32,27,female,right,1,66,1,1,images/PICTURE_162.png,images/PICTURE_338.png,images/PICTURE_251.png,images/PICTURE_728.png,"<div id=""images""><a><img src=""instructions/placeholder.PNG"" width=""150px"" height=""150px"" style=""padding-bottom: 50px;""><div class=""caption"">-</div></a><a><img src=""instructions/placeholder.PNG"" width=""150px"" height=""150px"" style=""padding-bottom: 50px;""><div class=""caption"">-</div></a><a><img src=""images/PICTURE_251.png"" width=""150px"" height=""150px"" style=""padding-bottom: 50px;""><div class=""caption"">J</div></a><a><img src=""instructions/placeholder.PNG"" width=""150px"" height=""150px"" style=""padding-bottom: 50px;""><div class=""caption"">-</div></a></div>",j,J,TRUE,462,2185,701,633076,undefined,undefined
32,27,female,right,1,67,1,0,images/PICTURE_36.png,images/PICTURE_145.png,images/PICTURE_266.png,images/PICTURE_527.png,<div><img width = '150' height = '150' src = 'images/PICTURE_145.png'></img></div>,j,F,FALSE,201,2250,617,638164,undefined,undefined
32,27,female,right,1,68,1,0,images/PICTURE_92.png,images/PICTURE_273.png,images/PICTURE_419.png,images/PICTURE_232.png,<div><img width = '150' height = '150' src = 'images/PICTURE_232.png'></img></div>,k,K,TRUE,476,3673,823,645155,undefined,undefined
32,27,female,right,1,69,1,1,images/PICTURE_597.png,images/PICTURE_163.png,images/PICTURE_573.png,images/PICTURE_592.png,"<div id=""images""><a><img src=""images/PICTURE_597.png"" width=""150px"" height=""150px"" style=""padding-bottom: 50px;""><div class=""caption"">D</div></a><a><img src=""instructions/placeholder.PNG"" width=""150px"" height=""150px"" style=""padding-bottom: 50px;""><div class=""caption"">-</div></a><a><img src=""instructions/placeholder.PNG"" width=""150px"" height=""150px"" style=""padding-bottom: 50px;""><div class=""caption"">-</div></a><a><img src=""instructions/placeholder.PNG"" width=""150px"" height=""150px"" style=""padding-bottom: 50px;""><div class=""caption"">-</div></a></div>",d,D,TRUE,332,2727,926,651159,undefined,undefined
32,27,female,right,1,70,1,0,images/PICTURE_108.png,images/PICTURE_252.png,images/PICTURE_134.png,images/PICTURE_211.png,<div><img width = '150' height = '150' src = 'images/PICTURE_252.png'></img></div>,j,F,FALSE,476,3196,1368,658224,undefined,undefined
32,27,female,right,1,71,1,1,images/PICTURE_354.png,images/PICTURE_416.png,images/PICTURE_268.png,images/PICTURE_672.png,"<div id=""images""><a><img src=""instructions/placeholder.PNG"" width=""150px"" height=""150px"" style=""padding-bottom: 50px;""><div class=""caption"">-</div></a><a><img src=""instructions/placeholder.PNG"" width=""150px"" height=""150px"" style=""padding-bottom: 50px;""><div class=""caption"">-</div></a><a><img src=""images/PICTURE_268.png"" width=""150px"" height=""150px"" style=""padding-bottom: 50px;""><div class=""caption"">J</div></a><a><img src=""instructions/placeholder.PNG"" width=""150px"" height=""150px"" style=""padding-bottom: 50px;""><div class=""caption"">-</div></a></div>",j,J,TRUE,415,3026,696,664383,undefined,undefined
32,27,female,right,1,72,1,0,images/PICTURE_322.png,images/PICTURE_201.png,images/PICTURE_690.png,images/PICTURE_310.png,<div><img width = '150' height = '150' src = 'images/PICTURE_201.png'></img></div>,f,F,TRUE,178,2878,986,670447,undefined,undefined
32,27,female,right,1,73,1,0,images/PICTURE_465.png,images/PICTURE_716.png,images/PICTURE_177.png,images/PICTURE_123.png,<div><img width = '150' height = '150' src = 'images/PICTURE_123.png'></img></div>,k,K,TRUE,436,2616,602,676118,undefined,undefined
32,27,female,right,1,74,1,0,images/PICTURE_626.png,images/PICTURE_498.png,images/PICTURE_627.png,images/PICTURE_611.png,<div><img width = '150' height = '150' src = 'images/PICTURE_498.png'></img></div>,f,F,TRUE,372,2884,1259,682657,undefined,undefined
32,27,female,right,1,75,1,0,images/PICTURE_476.png,images/PICTURE_521.png,images/PICTURE_654.png,images/PICTURE_646.png,<div><img width = '150' height = '150' src = 'images/PICTURE_476.png'></img></div>,d,D,TRUE,291,3339,625,688933,undefined,undefined
32,27,female,right,1,76,1,0,images/PICTURE_629.png,images/PICTURE_391.png,images/PICTURE_151.png,images/PICTURE_33.png,<div><img width = '150' height = '150' src = 'images/PICTURE_33.png'></img></div>,k,K,TRUE,283,3944,736,695915,undefined,undefined
32,27,female,right,1,77,1,1,images/PICTURE_695.png,images/PICTURE_200.png,images/PICTURE_199.png,images/PICTURE_95.png,"<div id=""images""><a><img src=""instructions/placeholder.PNG"" width=""150px"" height=""150px"" style=""padding-bottom: 50px;""><div class=""caption"">-</div></a><a><img src=""instructions/placeholder.PNG"" width=""150px"" height=""150px"" style=""padding-bottom: 50px;""><div class=""caption"">-</div></a><a><img src=""images/PICTURE_199.png"" width=""150px"" height=""150px"" style=""padding-bottom: 50px;""><div class=""caption"">J</div></a><a><img src=""instructions/placeholder.PNG"" width=""150px"" height=""150px"" style=""padding-bottom: 50px;""><div class=""caption"">-</div></a></div>",j,J,TRUE,472,3257,614,702274,undefined,undefined
32,27,female,right,1,78,1,1,images/PICTURE_98.png,images/PICTURE_258.png,images/PICTURE_715.png,images/PICTURE_491.png,"<div id=""images""><a><img src=""instructions/placeholder.PNG"" width=""150px"" height=""150px"" style=""padding-bottom: 50px;""><div class=""caption"">-</div></a><a><img src=""instructions/placeholder.PNG"" width=""150px"" height=""150px"" style=""padding-bottom: 50px;""><div class=""caption"">-</div></a><a><img src=""images/PICTURE_715.png"" width=""150px"" height=""150px"" style=""padding-bottom: 50px;""><div class=""caption"">J</div></a><a><img src=""instructions/placeholder.PNG"" width=""150px"" height=""150px"" style=""padding-bottom: 50px;""><div class=""caption"">-</div></a></div>",j,J,TRUE,286,2091,623,707297,undefined,undefined
32,27,female,right,1,79,1,1,images/PICTURE_14.png,images/PICTURE_105.png,images/PICTURE_12.png,images/PICTURE_645.png,"<div id=""images""><a><img src=""instructions/placeholder.PNG"" width=""150px"" height=""150px"" style=""padding-bottom: 50px;""><div class=""caption"">-</div></a><a><img src=""images/PICTURE_105.png"" width=""150px"" height=""150px"" style=""padding-bottom: 50px;""><div class=""caption"">F</div></a><a><img src=""instructions/placeholder.PNG"" width=""150px"" height=""150px"" style=""padding-bottom: 50px;""><div class=""caption"">-</div></a><a><img src=""instructions/placeholder.PNG"" width=""150px"" height=""150px"" style=""padding-bottom: 50px;""><div class=""caption"">-</div></a></div>",f,F,TRUE,394,2070,832,712613,undefined,undefined
32,27,female,right,1,80,1,1,images/PICTURE_290.png,images/PICTURE_668.png,images/PICTURE_664.png,images/PICTURE_418.png,"<div id=""images""><a><img src=""images/PICTURE_290.png"" width=""150px"" height=""150px"" style=""padding-bottom: 50px;""><div class=""caption"">D</div></a><a><img src=""instructions/placeholder.PNG"" width=""150px"" height=""150px"" style=""padding-bottom: 50px;""><div class=""caption"">-</div></a><a><img src=""instructions/placeholder.PNG"" width=""150px"" height=""150px"" style=""padding-bottom: 50px;""><div class=""caption"">-</div></a><a><img src=""instructions/placeholder.PNG"" width=""150px"" height=""150px"" style=""padding-bottom: 50px;""><div class=""caption"">-</div></a></div>",d,D,TRUE,409,2385,782,718205,undefined,undefined
32,27,female,right,1,81,0,0,images/PICTURE_587.png,images/PICTURE_713.png,images/PICTURE_75.png,images/PICTURE_390.png,<div><img width = '150' height = '150' src = 'images/PICTURE_587.png'></img></div>,d,D,TRUE,638,2491,697,725529,undefined,undefined
32,27,female,right,1,82,0,0,images/PICTURE_89.png,images/PICTURE_149.png,images/PICTURE_370.png,images/PICTURE_406.png,<div><img width = '150' height = '150' src = 'images/PICTURE_370.png'></img></div>,j,J,TRUE,309,2898,569,731327,undefined,undefined
32,27,female,right,1,83,0,0,images/PICTURE_190.png,images/PICTURE_336.png,images/PICTURE_577.png,images/PICTURE_228.png,<div><img width = '150' height = '150' src = 'images/PICTURE_577.png'></img></div>,j,J,TRUE,328,2284,569,736522,undefined,undefined
32,27,female,right,1,84,0,0,images/PICTURE_292.png,images/PICTURE_405.png,images/PICTURE_637.png,images/PICTURE_132.png,<div><img width = '150' height = '150' src = 'images/PICTURE_292.png'></img></div>,d,D,TRUE,346,1900,969,741752,undefined,undefined
32,27,female,right,1,85,0,0,images/PICTURE_97.png,images/PICTURE_365.png,images/PICTURE_206.png,images/PICTURE_286.png,<div><img width = '150' height = '150' src = 'images/PICTURE_97.png'></img></div>,j,D,FALSE,418,2684,680,747544,undefined,undefined
32,27,female,right,1,86,0,0,images/PICTURE_327.png,images/PICTURE_537.png,images/PICTURE_339.png,images/PICTURE_735.png,<div><img width = '150' height = '150' src = 'images/PICTURE_339.png'></img></div>,j,J,TRUE,268,2730,596,753156,undefined,undefined
32,27,female,right,1,87,0,0,images/PICTURE_642.png,images/PICTURE_282.png,images/PICTURE_479.png,images/PICTURE_26.png,<div><img width = '150' height = '150' src = 'images/PICTURE_479.png'></img></div>,j,J,TRUE,958,2354,595,759085,undefined,undefined
32,27,female,right,1,88,0,0,images/PICTURE_670.png,images/PICTURE_407.png,images/PICTURE_68.png,images/PICTURE_468.png,<div><img width = '150' height = '150' src = 'images/PICTURE_468.png'></img></div>,k,K,TRUE,527,2905,941,765482,undefined,undefined
32,27,female,right,1,89,0,0,images/PICTURE_547.png,images/PICTURE_298.png,images/PICTURE_531.png,images/PICTURE_164.png,<div><img width = '150' height = '150' src = 'images/PICTURE_164.png'></img></div>,j,K,FALSE,335,1718,744,770300,undefined,undefined
32,27,female,right,1,90,0,0,images/PICTURE_84.png,images/PICTURE_88.png,images/PICTURE_114.png,images/PICTURE_477.png,<div><img width = '150' height = '150' src = 'images/PICTURE_88.png'></img></div>,f,F,TRUE,1074,2135,1453,776974,undefined,undefined
32,27,female,right,1,91,0,0,images/PICTURE_348.png,images/PICTURE_225.png,images/PICTURE_591.png,images/PICTURE_355.png,<div><img width = '150' height = '150' src = 'images/PICTURE_355.png'></img></div>,k,K,TRUE,437,1964,1004,782397,undefined,undefined
32,27,female,right,1,92,0,0,images/PICTURE_745.png,images/PICTURE_127.png,images/PICTURE_746.png,images/PICTURE_158.png,<div><img width = '150' height = '150' src = 'images/PICTURE_127.png'></img></div>,f,F,TRUE,435,1961,884,787691,undefined,undefined
32,27,female,right,1,93,0,0,images/PICTURE_323.png,images/PICTURE_389.png,images/PICTURE_304.png,images/PICTURE_37.png,<div><img width = '150' height = '150' src = 'images/PICTURE_37.png'></img></div>,k,K,TRUE,572,3042,591,793909,undefined,undefined
32,27,female,right,1,94,0,0,images/PICTURE_275.png,images/PICTURE_234.png,images/PICTURE_596.png,images/PICTURE_343.png,<div><img width = '150' height = '150' src = 'images/PICTURE_275.png'></img></div>,d,D,TRUE,491,2665,1130,800208,undefined,undefined
32,27,female,right,1,95,0,0,images/PICTURE_25.png,images/PICTURE_360.png,images/PICTURE_178.png,images/PICTURE_203.png,<div><img width = '150' height = '150' src = 'images/PICTURE_25.png'></img></div>,d,D,TRUE,579,1532,680,805016,undefined,undefined
32,27,female,right,1,96,0,0,images/PICTURE_299.png,images/PICTURE_357.png,images/PICTURE_378.png,images/PICTURE_721.png,<div><img width = '150' height = '150' src = 'images/PICTURE_299.png'></img></div>,d,D,TRUE,448,1498,916,809896,undefined,undefined
32,27,female,right,undefined,undefined,undefined,undefined,undefined,undefined,undefined,undefined,undefined,undefined,undefined,undefined,undefined,undefined,8135,819611,Perseverance,2
32,27,female,right,undefined,undefined,undefined,undefined,undefined,undefined,undefined,undefined,undefined,undefined,undefined,undefined,undefined,undefined,2584,822198,Premeditation,2
32,27,female,right,undefined,undefined,undefined,undefined,undefined,undefined,undefined,undefined,undefined,undefined,undefined,undefined,undefined,undefined,5321,827521,Positive Urgency,1
32,27,female,right,undefined,undefined,undefined,undefined,undefined,undefined,undefined,undefined,undefined,undefined,undefined,undefined,undefined,undefined,2626,830149,Perseverance,2
32,27,female,right,undefined,undefined,undefined,undefined,undefined,undefined,undefined,undefined,undefined,undefined,undefined,undefined,undefined,undefined,3769,833923,Premeditation,2
32,27,female,right,undefined,undefined,undefined,undefined,undefined,undefined,undefined,undefined,undefined,undefined,undefined,undefined,undefined,undefined,3921,837846,Negative Urgency,2
32,27,female,right,undefined,undefined,undefined,undefined,undefined,undefined,undefined,undefined,undefined,undefined,undefined,undefined,undefined,undefined,4653,842502,Perseverance,2
32,27,female,right,undefined,undefined,undefined,undefined,undefined,undefined,undefined,undefined,undefined,undefined,undefined,undefined,undefined,undefined,6851,849357,Negative Urgency,3
32,27,female,right,undefined,undefined,undefined,undefined,undefined,undefined,undefined,undefined,undefined,undefined,undefined,undefined,undefined,undefined,2948,852308,Sensation Seeking,3
32,27,female,right,undefined,undefined,undefined,undefined,undefined,undefined,undefined,undefined,undefined,undefined,undefined,undefined,undefined,undefined,2856,855166,Positive Urgency,2
32,27,female,right,undefined,undefined,undefined,undefined,undefined,undefined,undefined,undefined,undefined,undefined,undefined,undefined,undefined,undefined,2735,857903,Perseverance,2
32,27,female,right,undefined,undefined,undefined,undefined,undefined,undefined,undefined,undefined,undefined,undefined,undefined,undefined,undefined,undefined,2354,860259,Premeditation,2
32,27,female,right,undefined,undefined,undefined,undefined,undefined,undefined,undefined,undefined,undefined,undefined,undefined,undefined,undefined,undefined,3723,863984,Negative Urgency,1
32,27,female,right,undefined,undefined,undefined,undefined,undefined,undefined,undefined,undefined,undefined,undefined,undefined,undefined,undefined,undefined,2929,866916,Sensation Seeking,3
32,27,female,right,undefined,undefined,undefined,undefined,undefined,undefined,undefined,undefined,undefined,undefined,undefined,undefined,undefined,undefined,3311,870228,Negative Urgency,2
32,27,female,right,undefined,undefined,undefined,undefined,undefined,undefined,undefined,undefined,undefined,undefined,undefined,undefined,undefined,undefined,3510,873741,Sensation Seeking,3
32,27,female,right,undefined,undefined,undefined,undefined,undefined,undefined,undefined,undefined,undefined,undefined,undefined,undefined,undefined,undefined,2744,876488,Positive Urgency,2
32,27,female,right,undefined,undefined,undefined,undefined,undefined,undefined,undefined,undefined,undefined,undefined,undefined,undefined,undefined,undefined,3058,879548,Sensation Seeking,3
32,27,female,right,undefined,undefined,undefined,undefined,undefined,undefined,undefined,undefined,undefined,undefined,undefined,undefined,undefined,undefined,2946,882497,Premeditation,2
32,27,female,right,undefined,undefined,undefined,undefined,undefined,undefined,undefined,undefined,undefined,undefined,undefined,undefined,undefined,undefined,2236,884736,Positive Urgency,3
