prolific_ID, age, gender, handedness, imageletter_con, block_number, block_type, letter_block, stim1, stim2, stim3, stim4, stimulus, pressed_key, correct_key, correct, startRT, prepRT, rt, time_elapsed, factor, qnumber, resp
56,18,male,left,order_75_25,1,75,0,images/PICTURE_133.png,images/PICTURE_119.png,images/PICTURE_185.png,images/PICTURE_275.png,<div><img width = '150' height = '150' src = 'images/PICTURE_275.png'></img></div>,d,K,false,2778,7615,1304,467297,undefined,undefined,undefined
56,18,male,left,order_75_25,2,75,0,images/PICTURE_45.png,images/PICTURE_95.png,images/PICTURE_149.png,images/PICTURE_735.png,<div><img width = '150' height = '150' src = 'images/PICTURE_735.png'></img></div>,f,K,false,1016,6266,1129,477717,undefined,undefined,undefined
56,18,male,left,order_75_25,3,75,0,images/PICTURE_236.png,images/PICTURE_336.png,images/PICTURE_409.png,images/PICTURE_354.png,<div><img width = '150' height = '150' src = 'images/PICTURE_236.png'></img></div>,d,D,true,693,12412,997,493827,undefined,undefined,undefined
56,18,male,left,order_75_25,4,75,0,images/PICTURE_527.png,images/PICTURE_588.png,images/PICTURE_439.png,images/PICTURE_581.png,<div><img width = '150' height = '150' src = 'images/PICTURE_588.png'></img></div>,j,F,false,447,2119,1214,499615,undefined,undefined,undefined
56,18,male,left,order_75_25,5,75,0,images/PICTURE_19.png,images/PICTURE_422.png,images/PICTURE_487.png,images/PICTURE_12.png,<div><img width = '150' height = '150' src = 'images/PICTURE_19.png'></img></div>,d,D,true,671,3581,856,506731,undefined,undefined,undefined
56,18,male,left,order_75_25,6,75,1,images/PICTURE_158.png,images/PICTURE_525.png,images/PICTURE_596.png,images/PICTURE_716.png,<div id="images"><a><img src="instructions/placeholder.PNG" width="150px" height="150px" style="padding-bottom: 50px;"><div class="caption">-</div></a><a><img src="instructions/placeholder.PNG" width="150px" height="150px" style="padding-bottom: 50px;"><div class="caption">-</div></a><a><img src="instructions/placeholder.PNG" width="150px" height="150px" style="padding-bottom: 50px;"><div class="caption">-</div></a><a><img src="images/PICTURE_716.png" width="150px" height="150px" style="padding-bottom: 50px;"><div class="caption">K</div></a></div>,k,K,true,486,12159,1658,523041,undefined,undefined,undefined
56,18,male,left,order_75_25,7,75,0,images/PICTURE_661.png,images/PICTURE_7.png,images/PICTURE_142.png,images/PICTURE_177.png,<div><img width = '150' height = '150' src = 'images/PICTURE_7.png'></img></div>,f,F,true,484,4155,936,530624,undefined,undefined,undefined
56,18,male,left,order_75_25,8,75,0,images/PICTURE_535.png,images/PICTURE_237.png,images/PICTURE_206.png,images/PICTURE_547.png,<div><img width = '150' height = '150' src = 'images/PICTURE_206.png'></img></div>,j,J,true,705,2491,861,536688,undefined,undefined,undefined
56,18,male,left,order_75_25,9,75,0,images/PICTURE_727.png,images/PICTURE_515.png,images/PICTURE_305.png,images/PICTURE_266.png,<div><img width = '150' height = '150' src = 'images/PICTURE_727.png'></img></div>,f,D,false,624,6198,946,546462,undefined,undefined,undefined
56,18,male,left,order_75_25,10,75,0,images/PICTURE_693.png,images/PICTURE_326.png,images/PICTURE_256.png,images/PICTURE_552.png,<div><img width = '150' height = '150' src = 'images/PICTURE_256.png'></img></div>,j,J,true,413,7210,662,556754,undefined,undefined,undefined
56,18,male,left,order_75_25,11,75,0,images/PICTURE_512.png,images/PICTURE_479.png,images/PICTURE_591.png,images/PICTURE_476.png,<div><img width = '150' height = '150' src = 'images/PICTURE_591.png'></img></div>,j,J,true,421,1986,1073,562242,undefined,undefined,undefined
56,18,male,left,order_75_25,12,75,1,images/PICTURE_584.png,images/PICTURE_269.png,images/PICTURE_489.png,images/PICTURE_130.png,<div id="images"><a><img src="instructions/placeholder.PNG" width="150px" height="150px" style="padding-bottom: 50px;"><div class="caption">-</div></a><a><img src="images/PICTURE_269.png" width="150px" height="150px" style="padding-bottom: 50px;"><div class="caption">F</div></a><a><img src="instructions/placeholder.PNG" width="150px" height="150px" style="padding-bottom: 50px;"><div class="caption">-</div></a><a><img src="instructions/placeholder.PNG" width="150px" height="150px" style="padding-bottom: 50px;"><div class="caption">-</div></a></div>,f,F,true,552,2001,826,567628,undefined,undefined,undefined
56,18,male,left,order_75_25,13,75,0,images/PICTURE_597.png,images/PICTURE_138.png,images/PICTURE_406.png,images/PICTURE_233.png,<div><img width = '150' height = '150' src = 'images/PICTURE_406.png'></img></div>,f,J,false,300,3590,1025,574550,undefined,undefined,undefined
56,18,male,left,order_75_25,14,75,1,images/PICTURE_40.png,images/PICTURE_744.png,images/PICTURE_178.png,images/PICTURE_614.png,<div id="images"><a><img src="images/PICTURE_40.png" width="150px" height="150px" style="padding-bottom: 50px;"><div class="caption">D</div></a><a><img src="instructions/placeholder.PNG" width="150px" height="150px" style="padding-bottom: 50px;"><div class="caption">-</div></a><a><img src="instructions/placeholder.PNG" width="150px" height="150px" style="padding-bottom: 50px;"><div class="caption">-</div></a><a><img src="instructions/placeholder.PNG" width="150px" height="150px" style="padding-bottom: 50px;"><div class="caption">-</div></a></div>,d,D,true,280,22522,665,600026,undefined,undefined,undefined
56,18,male,left,order_75_25,15,75,0,images/PICTURE_323.png,images/PICTURE_162.png,images/PICTURE_170.png,images/PICTURE_468.png,<div><img width = '150' height = '150' src = 'images/PICTURE_162.png'></img></div>,f,F,true,129589,3420,591,735634,undefined,undefined,undefined
56,18,male,left,order_75_25,16,75,0,images/PICTURE_528.png,images/PICTURE_259.png,images/PICTURE_136.png,images/PICTURE_327.png,<div><img width = '150' height = '150' src = 'images/PICTURE_327.png'></img></div>,k,K,true,315,1591,908,740457,undefined,undefined,undefined
56,18,male,left,order_75_25,17,25,1,images/PICTURE_605.png,images/PICTURE_14.png,images/PICTURE_659.png,images/PICTURE_211.png,<div id="images"><a><img src="images/PICTURE_605.png" width="150px" height="150px" style="padding-bottom: 50px;"><div class="caption">D</div></a><a><img src="instructions/placeholder.PNG" width="150px" height="150px" style="padding-bottom: 50px;"><div class="caption">-</div></a><a><img src="instructions/placeholder.PNG" width="150px" height="150px" style="padding-bottom: 50px;"><div class="caption">-</div></a><a><img src="instructions/placeholder.PNG" width="150px" height="150px" style="padding-bottom: 50px;"><div class="caption">-</div></a></div>,d,D,true,1061,2450,631,751880,undefined,undefined,undefined
56,18,male,left,order_75_25,18,25,1,images/PICTURE_10.png,images/PICTURE_612.png,images/PICTURE_134.png,images/PICTURE_649.png,<div id="images"><a><img src="images/PICTURE_10.png" width="150px" height="150px" style="padding-bottom: 50px;"><div class="caption">D</div></a><a><img src="instructions/placeholder.PNG" width="150px" height="150px" style="padding-bottom: 50px;"><div class="caption">-</div></a><a><img src="instructions/placeholder.PNG" width="150px" height="150px" style="padding-bottom: 50px;"><div class="caption">-</div></a><a><img src="instructions/placeholder.PNG" width="150px" height="150px" style="padding-bottom: 50px;"><div class="caption">-</div></a></div>,d,D,true,309,2322,492,757011,undefined,undefined,undefined
56,18,male,left,order_75_25,19,25,1,images/PICTURE_529.png,images/PICTURE_402.png,images/PICTURE_71.png,images/PICTURE_79.png,<div id="images"><a><img src="instructions/placeholder.PNG" width="150px" height="150px" style="padding-bottom: 50px;"><div class="caption">-</div></a><a><img src="images/PICTURE_402.png" width="150px" height="150px" style="padding-bottom: 50px;"><div class="caption">F</div></a><a><img src="instructions/placeholder.PNG" width="150px" height="150px" style="padding-bottom: 50px;"><div class="caption">-</div></a><a><img src="instructions/placeholder.PNG" width="150px" height="150px" style="padding-bottom: 50px;"><div class="caption">-</div></a></div>,f,F,true,360,727,545,760652,undefined,undefined,undefined
56,18,male,left,order_75_25,20,25,1,images/PICTURE_267.png,images/PICTURE_311.png,images/PICTURE_203.png,images/PICTURE_425.png,<div id="images"><a><img src="instructions/placeholder.PNG" width="150px" height="150px" style="padding-bottom: 50px;"><div class="caption">-</div></a><a><img src="instructions/placeholder.PNG" width="150px" height="150px" style="padding-bottom: 50px;"><div class="caption">-</div></a><a><img src="instructions/placeholder.PNG" width="150px" height="150px" style="padding-bottom: 50px;"><div class="caption">-</div></a><a><img src="images/PICTURE_425.png" width="150px" height="150px" style="padding-bottom: 50px;"><div class="caption">K</div></a></div>,k,K,true,219,664,488,764030,undefined,undefined,undefined
56,18,male,left,order_75_25,21,25,1,images/PICTURE_304.png,images/PICTURE_360.png,images/PICTURE_654.png,images/PICTURE_457.png,<div id="images"><a><img src="instructions/placeholder.PNG" width="150px" height="150px" style="padding-bottom: 50px;"><div class="caption">-</div></a><a><img src="images/PICTURE_360.png" width="150px" height="150px" style="padding-bottom: 50px;"><div class="caption">F</div></a><a><img src="instructions/placeholder.PNG" width="150px" height="150px" style="padding-bottom: 50px;"><div class="caption">-</div></a><a><img src="instructions/placeholder.PNG" width="150px" height="150px" style="padding-bottom: 50px;"><div class="caption">-</div></a></div>,f,F,true,324,827,503,767690,undefined,undefined,undefined
56,18,male,left,order_75_25,22,25,1,images/PICTURE_314.png,images/PICTURE_262.png,images/PICTURE_96.png,images/PICTURE_199.png,<div id="images"><a><img src="instructions/placeholder.PNG" width="150px" height="150px" style="padding-bottom: 50px;"><div class="caption">-</div></a><a><img src="instructions/placeholder.PNG" width="150px" height="150px" style="padding-bottom: 50px;"><div class="caption">-</div></a><a><img src="images/PICTURE_96.png" width="150px" height="150px" style="padding-bottom: 50px;"><div class="caption">J</div></a><a><img src="instructions/placeholder.PNG" width="150px" height="150px" style="padding-bottom: 50px;"><div class="caption">-</div></a></div>,j,J,true,168,877,578,771320,undefined,undefined,undefined
56,18,male,left,order_75_25,23,25,1,images/PICTURE_571.png,images/PICTURE_258.png,images/PICTURE_202.png,images/PICTURE_549.png,<div id="images"><a><img src="instructions/placeholder.PNG" width="150px" height="150px" style="padding-bottom: 50px;"><div class="caption">-</div></a><a><img src="instructions/placeholder.PNG" width="150px" height="150px" style="padding-bottom: 50px;"><div class="caption">-</div></a><a><img src="instructions/placeholder.PNG" width="150px" height="150px" style="padding-bottom: 50px;"><div class="caption">-</div></a><a><img src="images/PICTURE_549.png" width="150px" height="150px" style="padding-bottom: 50px;"><div class="caption">K</div></a></div>,k,K,true,421,1106,440,775298,undefined,undefined,undefined
56,18,male,left,order_75_25,24,25,1,images/PICTURE_26.png,images/PICTURE_261.png,images/PICTURE_448.png,images/PICTURE_579.png,<div id="images"><a><img src="instructions/placeholder.PNG" width="150px" height="150px" style="padding-bottom: 50px;"><div class="caption">-</div></a><a><img src="instructions/placeholder.PNG" width="150px" height="150px" style="padding-bottom: 50px;"><div class="caption">-</div></a><a><img src="images/PICTURE_448.png" width="150px" height="150px" style="padding-bottom: 50px;"><div class="caption">J</div></a><a><img src="instructions/placeholder.PNG" width="150px" height="150px" style="padding-bottom: 50px;"><div class="caption">-</div></a></div>,j,J,true,57,793,491,778647,undefined,undefined,undefined
56,18,male,left,order_75_25,25,25,1,images/PICTURE_172.png,images/PICTURE_391.png,images/PICTURE_523.png,images/PICTURE_351.png,<div id="images"><a><img src="instructions/placeholder.PNG" width="150px" height="150px" style="padding-bottom: 50px;"><div class="caption">-</div></a><a><img src="instructions/placeholder.PNG" width="150px" height="150px" style="padding-bottom: 50px;"><div class="caption">-</div></a><a><img src="images/PICTURE_523.png" width="150px" height="150px" style="padding-bottom: 50px;"><div class="caption">J</div></a><a><img src="instructions/placeholder.PNG" width="150px" height="150px" style="padding-bottom: 50px;"><div class="caption">-</div></a></div>,j,J,true,498,786,505,782443,undefined,undefined,undefined
56,18,male,left,order_75_25,26,25,0,images/PICTURE_371.png,images/PICTURE_586.png,images/PICTURE_452.png,images/PICTURE_435.png,<div><img width = '150' height = '150' src = 'images/PICTURE_586.png'></img></div>,k,F,false,362,953,959,786724,undefined,undefined,undefined
56,18,male,left,order_75_25,27,25,1,images/PICTURE_80.png,images/PICTURE_83.png,images/PICTURE_36.png,images/PICTURE_292.png,<div id="images"><a><img src="instructions/placeholder.PNG" width="150px" height="150px" style="padding-bottom: 50px;"><div class="caption">-</div></a><a><img src="images/PICTURE_83.png" width="150px" height="150px" style="padding-bottom: 50px;"><div class="caption">F</div></a><a><img src="instructions/placeholder.PNG" width="150px" height="150px" style="padding-bottom: 50px;"><div class="caption">-</div></a><a><img src="instructions/placeholder.PNG" width="150px" height="150px" style="padding-bottom: 50px;"><div class="caption">-</div></a></div>,f,F,true,305,10687,488,800212,undefined,undefined,undefined
56,18,male,left,order_75_25,28,25,0,images/PICTURE_62.png,images/PICTURE_240.png,images/PICTURE_390.png,images/PICTURE_111.png,<div><img width = '150' height = '150' src = 'images/PICTURE_62.png'></img></div>,d,D,true,327,1607,1003,805157,undefined,undefined,undefined
56,18,male,left,order_75_25,29,25,0,images/PICTURE_120.png,images/PICTURE_725.png,images/PICTURE_695.png,images/PICTURE_679.png,<div><img width = '150' height = '150' src = 'images/PICTURE_695.png'></img></div>,f,J,false,439,2751,1011,811366,undefined,undefined,undefined
56,18,male,left,order_75_25,30,25,1,images/PICTURE_88.png,images/PICTURE_655.png,images/PICTURE_380.png,images/PICTURE_534.png,<div id="images"><a><img src="images/PICTURE_88.png" width="150px" height="150px" style="padding-bottom: 50px;"><div class="caption">D</div></a><a><img src="instructions/placeholder.PNG" width="150px" height="150px" style="padding-bottom: 50px;"><div class="caption">-</div></a><a><img src="instructions/placeholder.PNG" width="150px" height="150px" style="padding-bottom: 50px;"><div class="caption">-</div></a><a><img src="instructions/placeholder.PNG" width="150px" height="150px" style="padding-bottom: 50px;"><div class="caption">-</div></a></div>,d,D,true,110,1937,602,816022,undefined,undefined,undefined
56,18,male,left,order_75_25,31,25,1,images/PICTURE_516.png,images/PICTURE_252.png,images/PICTURE_620.png,images/PICTURE_43.png,<div id="images"><a><img src="images/PICTURE_516.png" width="150px" height="150px" style="padding-bottom: 50px;"><div class="caption">D</div></a><a><img src="instructions/placeholder.PNG" width="150px" height="150px" style="padding-bottom: 50px;"><div class="caption">-</div></a><a><img src="instructions/placeholder.PNG" width="150px" height="150px" style="padding-bottom: 50px;"><div class="caption">-</div></a><a><img src="instructions/placeholder.PNG" width="150px" height="150px" style="padding-bottom: 50px;"><div class="caption">-</div></a></div>,d,D,true,662,2322,487,821502,undefined,undefined,undefined
56,18,male,left,order_75_25,32,25,0,images/PICTURE_415.png,images/PICTURE_116.png,images/PICTURE_708.png,images/PICTURE_546.png,<div><img width = '150' height = '150' src = 'images/PICTURE_546.png'></img></div>,f,K,false,144586,1425,730,970251,undefined,undefined,undefined
56,18,male,left,order_75_25,33,75,0,images/PICTURE_629.png,images/PICTURE_363.png,images/PICTURE_339.png,images/PICTURE_637.png,<div><img width = '150' height = '150' src = 'images/PICTURE_339.png'></img></div>,f,J,false,842,3146,962,980991,undefined,undefined,undefined
56,18,male,left,order_75_25,34,75,1,images/PICTURE_108.png,images/PICTURE_322.png,images/PICTURE_93.png,images/PICTURE_592.png,<div id="images"><a><img src="images/PICTURE_108.png" width="150px" height="150px" style="padding-bottom: 50px;"><div class="caption">D</div></a><a><img src="instructions/placeholder.PNG" width="150px" height="150px" style="padding-bottom: 50px;"><div class="caption">-</div></a><a><img src="instructions/placeholder.PNG" width="150px" height="150px" style="padding-bottom: 50px;"><div class="caption">-</div></a><a><img src="instructions/placeholder.PNG" width="150px" height="150px" style="padding-bottom: 50px;"><div class="caption">-</div></a></div>,d,D,true,353,1488,648,985486,undefined,undefined,undefined
56,18,male,left,order_75_25,35,75,1,images/PICTURE_606.png,images/PICTURE_504.png,images/PICTURE_161.png,images/PICTURE_104.png,<div id="images"><a><img src="instructions/placeholder.PNG" width="150px" height="150px" style="padding-bottom: 50px;"><div class="caption">-</div></a><a><img src="images/PICTURE_504.png" width="150px" height="150px" style="padding-bottom: 50px;"><div class="caption">F</div></a><a><img src="instructions/placeholder.PNG" width="150px" height="150px" style="padding-bottom: 50px;"><div class="caption">-</div></a><a><img src="instructions/placeholder.PNG" width="150px" height="150px" style="padding-bottom: 50px;"><div class="caption">-</div></a></div>,f,F,true,327,2870,434,991127,undefined,undefined,undefined
56,18,male,left,order_75_25,36,75,1,images/PICTURE_84.png,images/PICTURE_715.png,images/PICTURE_343.png,images/PICTURE_491.png,<div id="images"><a><img src="instructions/placeholder.PNG" width="150px" height="150px" style="padding-bottom: 50px;"><div class="caption">-</div></a><a><img src="instructions/placeholder.PNG" width="150px" height="150px" style="padding-bottom: 50px;"><div class="caption">-</div></a><a><img src="instructions/placeholder.PNG" width="150px" height="150px" style="padding-bottom: 50px;"><div class="caption">-</div></a><a><img src="images/PICTURE_491.png" width="150px" height="150px" style="padding-bottom: 50px;"><div class="caption">K</div></a></div>,k,K,true,36934,2387,528,1032983,undefined,undefined,undefined
56,18,male,left,order_75_25,37,75,0,images/PICTURE_101.png,images/PICTURE_92.png,images/PICTURE_628.png,images/PICTURE_611.png,<div><img width = '150' height = '150' src = 'images/PICTURE_101.png'></img></div>,d,D,true,324,2004,702,1038018,undefined,undefined,undefined
56,18,male,left,order_75_25,38,75,0,images/PICTURE_75.png,images/PICTURE_357.png,images/PICTURE_420.png,images/PICTURE_99.png,<div><img width = '150' height = '150' src = 'images/PICTURE_357.png'></img></div>,f,F,true,538,1768,504,1042835,undefined,undefined,undefined
56,18,male,left,order_75_25,39,75,1,images/PICTURE_38.png,images/PICTURE_25.png,images/PICTURE_362.png,images/PICTURE_379.png,<div id="images"><a><img src="instructions/placeholder.PNG" width="150px" height="150px" style="padding-bottom: 50px;"><div class="caption">-</div></a><a><img src="images/PICTURE_25.png" width="150px" height="150px" style="padding-bottom: 50px;"><div class="caption">F</div></a><a><img src="instructions/placeholder.PNG" width="150px" height="150px" style="padding-bottom: 50px;"><div class="caption">-</div></a><a><img src="instructions/placeholder.PNG" width="150px" height="150px" style="padding-bottom: 50px;"><div class="caption">-</div></a></div>,f,F,true,344,1895,495,1047577,undefined,undefined,undefined
56,18,male,left,order_75_25,40,75,0,images/PICTURE_721.png,images/PICTURE_9.png,images/PICTURE_141.png,images/PICTURE_273.png,<div><img width = '150' height = '150' src = 'images/PICTURE_273.png'></img></div>,k,K,true,316,1991,684,1052574,undefined,undefined,undefined
56,18,male,left,order_75_25,41,75,0,images/PICTURE_517.png,images/PICTURE_392.png,images/PICTURE_410.png,images/PICTURE_255.png,<div><img width = '150' height = '150' src = 'images/PICTURE_255.png'></img></div>,k,K,true,355,2124,870,1057928,undefined,undefined,undefined
56,18,male,left,order_75_25,42,75,1,images/PICTURE_505.png,images/PICTURE_123.png,images/PICTURE_682.png,images/PICTURE_713.png,<div id="images"><a><img src="instructions/placeholder.PNG" width="150px" height="150px" style="padding-bottom: 50px;"><div class="caption">-</div></a><a><img src="instructions/placeholder.PNG" width="150px" height="150px" style="padding-bottom: 50px;"><div class="caption">-</div></a><a><img src="images/PICTURE_682.png" width="150px" height="150px" style="padding-bottom: 50px;"><div class="caption">J</div></a><a><img src="instructions/placeholder.PNG" width="150px" height="150px" style="padding-bottom: 50px;"><div class="caption">-</div></a></div>,j,J,true,645,2431,443,1063456,undefined,undefined,undefined
56,18,male,left,order_75_25,43,75,0,images/PICTURE_477.png,images/PICTURE_147.png,images/PICTURE_607.png,images/PICTURE_405.png,<div><img width = '150' height = '150' src = 'images/PICTURE_607.png'></img></div>,j,J,true,397,2531,438,1068829,undefined,undefined,undefined
56,18,male,left,order_75_25,44,75,0,images/PICTURE_604.png,images/PICTURE_734.png,images/PICTURE_702.png,images/PICTURE_212.png,<div><img width = '150' height = '150' src = 'images/PICTURE_604.png'></img></div>,d,D,true,266,1941,903,1073946,undefined,undefined,undefined
56,18,male,left,order_75_25,45,75,1,images/PICTURE_711.png,images/PICTURE_209.png,images/PICTURE_164.png,images/PICTURE_286.png,<div id="images"><a><img src="images/PICTURE_711.png" width="150px" height="150px" style="padding-bottom: 50px;"><div class="caption">D</div></a><a><img src="instructions/placeholder.PNG" width="150px" height="150px" style="padding-bottom: 50px;"><div class="caption">-</div></a><a><img src="instructions/placeholder.PNG" width="150px" height="150px" style="padding-bottom: 50px;"><div class="caption">-</div></a><a><img src="instructions/placeholder.PNG" width="150px" height="150px" style="padding-bottom: 50px;"><div class="caption">-</div></a></div>,d,D,true,14,1228,553,1077749,undefined,undefined,undefined
56,18,male,left,order_75_25,46,75,0,images/PICTURE_407.png,images/PICTURE_176.png,images/PICTURE_590.png,images/PICTURE_542.png,<div><img width = '150' height = '150' src = 'images/PICTURE_176.png'></img></div>,f,F,true,318,2110,818,1083002,undefined,undefined,undefined
56,18,male,left,order_75_25,47,75,1,images/PICTURE_692.png,images/PICTURE_76.png,images/PICTURE_33.png,images/PICTURE_531.png,<div id="images"><a><img src="instructions/placeholder.PNG" width="150px" height="150px" style="padding-bottom: 50px;"><div class="caption">-</div></a><a><img src="instructions/placeholder.PNG" width="150px" height="150px" style="padding-bottom: 50px;"><div class="caption">-</div></a><a><img src="images/PICTURE_33.png" width="150px" height="150px" style="padding-bottom: 50px;"><div class="caption">J</div></a><a><img src="instructions/placeholder.PNG" width="150px" height="150px" style="padding-bottom: 50px;"><div class="caption">-</div></a></div>,j,J,true,314,1620,395,1087337,undefined,undefined,undefined
56,18,male,left,order_75_25,48,75,0,images/PICTURE_465.png,images/PICTURE_127.png,images/PICTURE_488.png,images/PICTURE_59.png,<div><img width = '150' height = '150' src = 'images/PICTURE_127.png'></img></div>,k,F,false,297,1457,841,1091940,undefined,undefined,undefined
56,18,male,left,order_75_25,49,25,1,images/PICTURE_63.png,images/PICTURE_746.png,images/PICTURE_72.png,images/PICTURE_642.png,<div id="images"><a><img src="instructions/placeholder.PNG" width="150px" height="150px" style="padding-bottom: 50px;"><div class="caption">-</div></a><a><img src="instructions/placeholder.PNG" width="150px" height="150px" style="padding-bottom: 50px;"><div class="caption">-</div></a><a><img src="instructions/placeholder.PNG" width="150px" height="150px" style="padding-bottom: 50px;"><div class="caption">-</div></a><a><img src="images/PICTURE_642.png" width="150px" height="150px" style="padding-bottom: 50px;"><div class="caption">K</div></a></div>,k,K,true,3927,2053,492,1104125,undefined,undefined,undefined
56,18,male,left,order_75_25,50,25,1,images/PICTURE_215.png,images/PICTURE_482.png,images/PICTURE_1.png,images/PICTURE_196.png,<div id="images"><a><img src="instructions/placeholder.PNG" width="150px" height="150px" style="padding-bottom: 50px;"><div class="caption">-</div></a><a><img src="images/PICTURE_482.png" width="150px" height="150px" style="padding-bottom: 50px;"><div class="caption">F</div></a><a><img src="instructions/placeholder.PNG" width="150px" height="150px" style="padding-bottom: 50px;"><div class="caption">-</div></a><a><img src="instructions/placeholder.PNG" width="150px" height="150px" style="padding-bottom: 50px;"><div class="caption">-</div></a></div>,f,F,true,299,3233,425,1110090,undefined,undefined,undefined
56,18,male,left,order_75_25,51,25,0,images/PICTURE_684.png,images/PICTURE_97.png,images/PICTURE_348.png,images/PICTURE_645.png,<div><img width = '150' height = '150' src = 'images/PICTURE_684.png'></img></div>,d,D,true,652,3195,912,1116859,undefined,undefined,undefined
56,18,male,left,order_75_25,52,25,1,images/PICTURE_664.png,images/PICTURE_647.png,images/PICTURE_449.png,images/PICTURE_78.png,<div id="images"><a><img src="instructions/placeholder.PNG" width="150px" height="150px" style="padding-bottom: 50px;"><div class="caption">-</div></a><a><img src="instructions/placeholder.PNG" width="150px" height="150px" style="padding-bottom: 50px;"><div class="caption">-</div></a><a><img src="images/PICTURE_449.png" width="150px" height="150px" style="padding-bottom: 50px;"><div class="caption">J</div></a><a><img src="instructions/placeholder.PNG" width="150px" height="150px" style="padding-bottom: 50px;"><div class="caption">-</div></a></div>,j,J,true,336,1585,423,1121210,undefined,undefined,undefined
56,18,male,left,order_75_25,53,25,0,images/PICTURE_160.png,images/PICTURE_46.png,images/PICTURE_369.png,images/PICTURE_521.png,<div><img width = '150' height = '150' src = 'images/PICTURE_46.png'></img></div>,d,F,false,301,1111,1104,1125732,undefined,undefined,undefined
56,18,male,left,order_75_25,54,25,1,images/PICTURE_699.png,images/PICTURE_283.png,images/PICTURE_437.png,images/PICTURE_554.png,<div id="images"><a><img src="images/PICTURE_699.png" width="150px" height="150px" style="padding-bottom: 50px;"><div class="caption">D</div></a><a><img src="instructions/placeholder.PNG" width="150px" height="150px" style="padding-bottom: 50px;"><div class="caption">-</div></a><a><img src="instructions/placeholder.PNG" width="150px" height="150px" style="padding-bottom: 50px;"><div class="caption">-</div></a><a><img src="instructions/placeholder.PNG" width="150px" height="150px" style="padding-bottom: 50px;"><div class="caption">-</div></a></div>,d,D,true,390,2609,604,1131343,undefined,undefined,undefined
56,18,male,left,order_75_25,55,25,1,images/PICTURE_345.png,images/PICTURE_748.png,images/PICTURE_232.png,images/PICTURE_276.png,<div id="images"><a><img src="instructions/placeholder.PNG" width="150px" height="150px" style="padding-bottom: 50px;"><div class="caption">-</div></a><a><img src="images/PICTURE_748.png" width="150px" height="150px" style="padding-bottom: 50px;"><div class="caption">F</div></a><a><img src="instructions/placeholder.PNG" width="150px" height="150px" style="padding-bottom: 50px;"><div class="caption">-</div></a><a><img src="instructions/placeholder.PNG" width="150px" height="150px" style="padding-bottom: 50px;"><div class="caption">-</div></a></div>,f,F,true,436,1743,521,1136049,undefined,undefined,undefined
56,18,male,left,order_75_25,56,25,1,images/PICTURE_673.png,images/PICTURE_417.png,images/PICTURE_122.png,images/PICTURE_665.png,<div id="images"><a><img src="instructions/placeholder.PNG" width="150px" height="150px" style="padding-bottom: 50px;"><div class="caption">-</div></a><a><img src="instructions/placeholder.PNG" width="150px" height="150px" style="padding-bottom: 50px;"><div class="caption">-</div></a><a><img src="instructions/placeholder.PNG" width="150px" height="150px" style="padding-bottom: 50px;"><div class="caption">-</div></a><a><img src="images/PICTURE_665.png" width="150px" height="150px" style="padding-bottom: 50px;"><div class="caption">K</div></a></div>,k,K,true,320,2817,448,1141643,undefined,undefined,undefined
56,18,male,left,order_75_25,57,25,1,images/PICTURE_445.png,images/PICTURE_132.png,images/PICTURE_703.png,images/PICTURE_566.png,<div id="images"><a><img src="images/PICTURE_445.png" width="150px" height="150px" style="padding-bottom: 50px;"><div class="caption">D</div></a><a><img src="instructions/placeholder.PNG" width="150px" height="150px" style="padding-bottom: 50px;"><div class="caption">-</div></a><a><img src="instructions/placeholder.PNG" width="150px" height="150px" style="padding-bottom: 50px;"><div class="caption">-</div></a><a><img src="instructions/placeholder.PNG" width="150px" height="150px" style="padding-bottom: 50px;"><div class="caption">-</div></a></div>,d,D,true,348,1763,509,1146270,undefined,undefined,undefined
56,18,male,left,order_75_25,58,25,1,images/PICTURE_375.png,images/PICTURE_687.png,images/PICTURE_296.png,images/PICTURE_319.png,<div id="images"><a><img src="instructions/placeholder.PNG" width="150px" height="150px" style="padding-bottom: 50px;"><div class="caption">-</div></a><a><img src="instructions/placeholder.PNG" width="150px" height="150px" style="padding-bottom: 50px;"><div class="caption">-</div></a><a><img src="images/PICTURE_296.png" width="150px" height="150px" style="padding-bottom: 50px;"><div class="caption">J</div></a><a><img src="instructions/placeholder.PNG" width="150px" height="150px" style="padding-bottom: 50px;"><div class="caption">-</div></a></div>,j,J,true,599,2332,364,1151570,undefined,undefined,undefined
56,18,male,left,order_75_25,59,25,1,images/PICTURE_174.png,images/PICTURE_577.png,images/PICTURE_372.png,images/PICTURE_568.png,<div id="images"><a><img src="instructions/placeholder.PNG" width="150px" height="150px" style="padding-bottom: 50px;"><div class="caption">-</div></a><a><img src="instructions/placeholder.PNG" width="150px" height="150px" style="padding-bottom: 50px;"><div class="caption">-</div></a><a><img src="instructions/placeholder.PNG" width="150px" height="150px" style="padding-bottom: 50px;"><div class="caption">-</div></a><a><img src="images/PICTURE_568.png" width="150px" height="150px" style="padding-bottom: 50px;"><div class="caption">K</div></a></div>,k,K,true,282,2232,462,1156554,undefined,undefined,undefined
56,18,male,left,order_75_25,60,25,0,images/PICTURE_85.png,images/PICTURE_500.png,images/PICTURE_601.png,images/PICTURE_105.png,<div><img width = '150' height = '150' src = 'images/PICTURE_105.png'></img></div>,k,K,true,399,1862,962,1161785,undefined,undefined,undefined
56,18,male,left,order_75_25,61,25,1,images/PICTURE_148.png,images/PICTURE_110.png,images/PICTURE_626.png,images/PICTURE_724.png,<div id="images"><a><img src="instructions/placeholder.PNG" width="150px" height="150px" style="padding-bottom: 50px;"><div class="caption">-</div></a><a><img src="instructions/placeholder.PNG" width="150px" height="150px" style="padding-bottom: 50px;"><div class="caption">-</div></a><a><img src="instructions/placeholder.PNG" width="150px" height="150px" style="padding-bottom: 50px;"><div class="caption">-</div></a><a><img src="images/PICTURE_724.png" width="150px" height="150px" style="padding-bottom: 50px;"><div class="caption">K</div></a></div>,k,K,true,342,2678,448,1167260,undefined,undefined,undefined
56,18,male,left,order_75_25,62,25,0,images/PICTURE_334.png,images/PICTURE_537.png,images/PICTURE_367.png,images/PICTURE_598.png,<div><img width = '150' height = '150' src = 'images/PICTURE_598.png'></img></div>,k,K,true,380,2254,1530,1173428,undefined,undefined,undefined
56,18,male,left,order_75_25,63,25,1,images/PICTURE_454.png,images/PICTURE_689.png,images/PICTURE_333.png,images/PICTURE_485.png,<div id="images"><a><img src="instructions/placeholder.PNG" width="150px" height="150px" style="padding-bottom: 50px;"><div class="caption">-</div></a><a><img src="instructions/placeholder.PNG" width="150px" height="150px" style="padding-bottom: 50px;"><div class="caption">-</div></a><a><img src="images/PICTURE_333.png" width="150px" height="150px" style="padding-bottom: 50px;"><div class="caption">J</div></a><a><img src="instructions/placeholder.PNG" width="150px" height="150px" style="padding-bottom: 50px;"><div class="caption">-</div></a></div>,j,J,true,427,2274,506,1178643,undefined,undefined,undefined
56,18,male,left,order_75_25,64,25,1,images/PICTURE_429.png,images/PICTURE_308.png,images/PICTURE_361.png,images/PICTURE_238.png,<div id="images"><a><img src="instructions/placeholder.PNG" width="150px" height="150px" style="padding-bottom: 50px;"><div class="caption">-</div></a><a><img src="instructions/placeholder.PNG" width="150px" height="150px" style="padding-bottom: 50px;"><div class="caption">-</div></a><a><img src="instructions/placeholder.PNG" width="150px" height="150px" style="padding-bottom: 50px;"><div class="caption">-</div></a><a><img src="images/PICTURE_238.png" width="150px" height="150px" style="padding-bottom: 50px;"><div class="caption">K</div></a></div>,k,K,true,334,1553,452,1182990,undefined,undefined,undefined
56,18,male,left,order_75_25,65,75,0,images/PICTURE_57.png,images/PICTURE_416.png,images/PICTURE_74.png,images/PICTURE_565.png,<div><img width = '150' height = '150' src = 'images/PICTURE_416.png'></img></div>,f,F,true,567,1618,841,1191589,undefined,undefined,undefined
56,18,male,left,order_75_25,66,75,0,images/PICTURE_741.png,images/PICTURE_235.png,images/PICTURE_720.png,images/PICTURE_68.png,<div><img width = '150' height = '150' src = 'images/PICTURE_741.png'></img></div>,d,D,true,329,2182,771,1196880,undefined,undefined,undefined
56,18,male,left,order_75_25,67,75,0,images/PICTURE_509.png,images/PICTURE_670.png,images/PICTURE_646.png,images/PICTURE_183.png,<div><img width = '150' height = '150' src = 'images/PICTURE_509.png'></img></div>,d,D,true,292,1934,1029,1202141,undefined,undefined,undefined
56,18,male,left,order_75_25,68,75,0,images/PICTURE_353.png,images/PICTURE_474.png,images/PICTURE_718.png,images/PICTURE_378.png,<div><img width = '150' height = '150' src = 'images/PICTURE_378.png'></img></div>,k,K,true,302,2808,662,1207919,undefined,undefined,undefined
56,18,male,left,order_75_25,69,75,0,images/PICTURE_498.png,images/PICTURE_587.png,images/PICTURE_745.png,images/PICTURE_277.png,<div><img width = '150' height = '150' src = 'images/PICTURE_498.png'></img></div>,d,D,true,364,1697,800,1212788,undefined,undefined,undefined
56,18,male,left,order_75_25,70,75,0,images/PICTURE_563.png,images/PICTURE_573.png,images/PICTURE_456.png,images/PICTURE_732.png,<div><img width = '150' height = '150' src = 'images/PICTURE_732.png'></img></div>,k,K,true,1316,2835,579,1219525,undefined,undefined,undefined
56,18,male,left,order_75_25,71,75,1,images/PICTURE_216.png,images/PICTURE_145.png,images/PICTURE_114.png,images/PICTURE_599.png,<div id="images"><a><img src="instructions/placeholder.PNG" width="150px" height="150px" style="padding-bottom: 50px;"><div class="caption">-</div></a><a><img src="instructions/placeholder.PNG" width="150px" height="150px" style="padding-bottom: 50px;"><div class="caption">-</div></a><a><img src="images/PICTURE_114.png" width="150px" height="150px" style="padding-bottom: 50px;"><div class="caption">J</div></a><a><img src="instructions/placeholder.PNG" width="150px" height="150px" style="padding-bottom: 50px;"><div class="caption">-</div></a></div>,j,J,true,463,3992,690,1226678,undefined,undefined,undefined
56,18,male,left,order_75_25,72,75,0,images/PICTURE_153.png,images/PICTURE_672.png,images/PICTURE_404.png,images/PICTURE_627.png,<div><img width = '150' height = '150' src = 'images/PICTURE_672.png'></img></div>,f,F,true,278,1621,812,1231395,undefined,undefined,undefined
56,18,male,left,order_75_25,73,75,0,images/PICTURE_414.png,images/PICTURE_299.png,images/PICTURE_556.png,images/PICTURE_355.png,<div><img width = '150' height = '150' src = 'images/PICTURE_556.png'></img></div>,j,J,true,323,3005,435,1237166,undefined,undefined,undefined
56,18,male,left,order_75_25,74,75,0,images/PICTURE_168.png,images/PICTURE_368.png,images/PICTURE_359.png,images/PICTURE_225.png,<div><img width = '150' height = '150' src = 'images/PICTURE_359.png'></img></div>,j,J,true,292,1688,440,1241594,undefined,undefined,undefined
56,18,male,left,order_75_25,75,75,0,images/PICTURE_228.png,images/PICTURE_268.png,images/PICTURE_290.png,images/PICTURE_356.png,<div><img width = '150' height = '150' src = 'images/PICTURE_356.png'></img></div>,k,K,true,332,843,585,1245362,undefined,undefined,undefined
56,18,male,left,order_75_25,76,75,0,images/PICTURE_193.png,images/PICTURE_234.png,images/PICTURE_310.png,images/PICTURE_640.png,<div><img width = '150' height = '150' src = 'images/PICTURE_193.png'></img></div>,d,D,true,356,2023,828,1250574,undefined,undefined,undefined
56,18,male,left,order_75_25,77,75,0,images/PICTURE_249.png,images/PICTURE_23.png,images/PICTURE_433.png,images/PICTURE_179.png,<div><img width = '150' height = '150' src = 'images/PICTURE_179.png'></img></div>,k,K,true,158,2170,472,1255381,undefined,undefined,undefined
56,18,male,left,order_75_25,78,75,1,images/PICTURE_418.png,images/PICTURE_37.png,images/PICTURE_194.png,images/PICTURE_470.png,<div id="images"><a><img src="instructions/placeholder.PNG" width="150px" height="150px" style="padding-bottom: 50px;"><div class="caption">-</div></a><a><img src="instructions/placeholder.PNG" width="150px" height="150px" style="padding-bottom: 50px;"><div class="caption">-</div></a><a><img src="instructions/placeholder.PNG" width="150px" height="150px" style="padding-bottom: 50px;"><div class="caption">-</div></a><a><img src="images/PICTURE_470.png" width="150px" height="150px" style="padding-bottom: 50px;"><div class="caption">K</div></a></div>,k,K,true,42,2153,535,1260118,undefined,undefined,undefined
56,18,male,left,order_75_25,79,75,0,images/PICTURE_478.png,images/PICTURE_115.png,images/PICTURE_475.png,images/PICTURE_219.png,<div><img width = '150' height = '150' src = 'images/PICTURE_475.png'></img></div>,j,J,true,469,1673,472,1264739,undefined,undefined,undefined
56,18,male,left,order_75_25,80,75,0,images/PICTURE_662.png,images/PICTURE_370.png,images/PICTURE_690.png,images/PICTURE_200.png,<div><img width = '150' height = '150' src = 'images/PICTURE_370.png'></img></div>,d,F,false,556,2476,1184,1270961,undefined,undefined,undefined
56,18,male,left,order_75_25,81,25,1,images/PICTURE_126.png,images/PICTURE_750.png,images/PICTURE_77.png,images/PICTURE_318.png,<div id="images"><a><img src="instructions/placeholder.PNG" width="150px" height="150px" style="padding-bottom: 50px;"><div class="caption">-</div></a><a><img src="images/PICTURE_750.png" width="150px" height="150px" style="padding-bottom: 50px;"><div class="caption">F</div></a><a><img src="instructions/placeholder.PNG" width="150px" height="150px" style="padding-bottom: 50px;"><div class="caption">-</div></a><a><img src="instructions/placeholder.PNG" width="150px" height="150px" style="padding-bottom: 50px;"><div class="caption">-</div></a></div>,f,F,true,493,1615,418,1278813,undefined,undefined,undefined
56,18,male,left,order_75_25,82,25,1,images/PICTURE_397.png,images/PICTURE_332.png,images/PICTURE_576.png,images/PICTURE_633.png,<div id="images"><a><img src="instructions/placeholder.PNG" width="150px" height="150px" style="padding-bottom: 50px;"><div class="caption">-</div></a><a><img src="images/PICTURE_332.png" width="150px" height="150px" style="padding-bottom: 50px;"><div class="caption">F</div></a><a><img src="instructions/placeholder.PNG" width="150px" height="150px" style="padding-bottom: 50px;"><div class="caption">-</div></a><a><img src="instructions/placeholder.PNG" width="150px" height="150px" style="padding-bottom: 50px;"><div class="caption">-</div></a></div>,f,F,true,289,3193,478,1284780,undefined,undefined,undefined
56,18,male,left,order_75_25,83,25,0,images/PICTURE_615.png,images/PICTURE_204.png,images/PICTURE_717.png,images/PICTURE_124.png,<div><img width = '150' height = '150' src = 'images/PICTURE_717.png'></img></div>,j,J,true,297,1421,399,1288903,undefined,undefined,undefined
56,18,male,left,order_75_25,84,25,1,images/PICTURE_697.png,images/PICTURE_201.png,images/PICTURE_653.png,images/PICTURE_190.png,<div id="images"><a><img src="images/PICTURE_697.png" width="150px" height="150px" style="padding-bottom: 50px;"><div class="caption">D</div></a><a><img src="instructions/placeholder.PNG" width="150px" height="150px" style="padding-bottom: 50px;"><div class="caption">-</div></a><a><img src="instructions/placeholder.PNG" width="150px" height="150px" style="padding-bottom: 50px;"><div class="caption">-</div></a><a><img src="instructions/placeholder.PNG" width="150px" height="150px" style="padding-bottom: 50px;"><div class="caption">-</div></a></div>,d,D,true,326,1477,670,1293383,undefined,undefined,undefined
56,18,male,left,order_75_25,85,25,1,images/PICTURE_373.png,images/PICTURE_324.png,images/PICTURE_668.png,images/PICTURE_728.png,<div id="images"><a><img src="images/PICTURE_373.png" width="150px" height="150px" style="padding-bottom: 50px;"><div class="caption">D</div></a><a><img src="instructions/placeholder.PNG" width="150px" height="150px" style="padding-bottom: 50px;"><div class="caption">-</div></a><a><img src="instructions/placeholder.PNG" width="150px" height="150px" style="padding-bottom: 50px;"><div class="caption">-</div></a><a><img src="instructions/placeholder.PNG" width="150px" height="150px" style="padding-bottom: 50px;"><div class="caption">-</div></a></div>,d,D,true,610,1078,413,1297493,undefined,undefined,undefined
56,18,male,left,order_75_25,86,25,0,images/PICTURE_107.png,images/PICTURE_341.png,images/PICTURE_389.png,images/PICTURE_570.png,<div><img width = '150' height = '150' src = 'images/PICTURE_107.png'></img></div>,k,D,false,37,786,663,1300985,undefined,undefined,undefined
56,18,male,left,order_75_25,87,25,0,images/PICTURE_338.png,images/PICTURE_3.png,images/PICTURE_223.png,images/PICTURE_312.png,<div><img width = '150' height = '150' src = 'images/PICTURE_223.png'></img></div>,j,J,true,517,1781,829,1306118,undefined,undefined,undefined
56,18,male,left,order_75_25,88,25,1,images/PICTURE_562.png,images/PICTURE_52.png,images/PICTURE_722.png,images/PICTURE_226.png,<div id="images"><a><img src="instructions/placeholder.PNG" width="150px" height="150px" style="padding-bottom: 50px;"><div class="caption">-</div></a><a><img src="instructions/placeholder.PNG" width="150px" height="150px" style="padding-bottom: 50px;"><div class="caption">-</div></a><a><img src="images/PICTURE_722.png" width="150px" height="150px" style="padding-bottom: 50px;"><div class="caption">J</div></a><a><img src="instructions/placeholder.PNG" width="150px" height="150px" style="padding-bottom: 50px;"><div class="caption">-</div></a></div>,j,J,true,292,1104,541,1310065,undefined,undefined,undefined
56,18,male,left,order_75_25,89,25,1,images/PICTURE_349.png,images/PICTURE_652.png,images/PICTURE_365.png,images/PICTURE_559.png,<div id="images"><a><img src="images/PICTURE_349.png" width="150px" height="150px" style="padding-bottom: 50px;"><div class="caption">D</div></a><a><img src="instructions/placeholder.PNG" width="150px" height="150px" style="padding-bottom: 50px;"><div class="caption">-</div></a><a><img src="instructions/placeholder.PNG" width="150px" height="150px" style="padding-bottom: 50px;"><div class="caption">-</div></a><a><img src="instructions/placeholder.PNG" width="150px" height="150px" style="padding-bottom: 50px;"><div class="caption">-</div></a></div>,d,D,true,509,2168,538,1315287,undefined,undefined,undefined
56,18,male,left,order_75_25,90,25,0,images/PICTURE_297.png,images/PICTURE_298.png,images/PICTURE_630.png,images/PICTURE_282.png,<div><img width = '150' height = '150' src = 'images/PICTURE_298.png'></img></div>,j,F,false,275,1949,503,1320021,undefined,undefined,undefined
56,18,male,left,order_75_25,91,25,1,images/PICTURE_98.png,images/PICTURE_685.png,images/PICTURE_163.png,images/PICTURE_639.png,<div id="images"><a><img src="instructions/placeholder.PNG" width="150px" height="150px" style="padding-bottom: 50px;"><div class="caption">-</div></a><a><img src="instructions/placeholder.PNG" width="150px" height="150px" style="padding-bottom: 50px;"><div class="caption">-</div></a><a><img src="images/PICTURE_163.png" width="150px" height="150px" style="padding-bottom: 50px;"><div class="caption">J</div></a><a><img src="instructions/placeholder.PNG" width="150px" height="150px" style="padding-bottom: 50px;"><div class="caption">-</div></a></div>,k,J,false,270,1617,377,1324293,undefined,undefined,undefined
56,18,male,left,order_75_25,92,25,1,images/PICTURE_536.png,images/PICTURE_302.png,images/PICTURE_441.png,images/PICTURE_117.png,<div id="images"><a><img src="instructions/placeholder.PNG" width="150px" height="150px" style="padding-bottom: 50px;"><div class="caption">-</div></a><a><img src="instructions/placeholder.PNG" width="150px" height="150px" style="padding-bottom: 50px;"><div class="caption">-</div></a><a><img src="instructions/placeholder.PNG" width="150px" height="150px" style="padding-bottom: 50px;"><div class="caption">-</div></a><a><img src="images/PICTURE_117.png" width="150px" height="150px" style="padding-bottom: 50px;"><div class="caption">K</div></a></div>,k,K,true,349,558,585,1327792,undefined,undefined,undefined
56,18,male,left,order_75_25,93,25,1,images/PICTURE_550.png,images/PICTURE_558.png,images/PICTURE_137.png,images/PICTURE_635.png,<div id="images"><a><img src="instructions/placeholder.PNG" width="150px" height="150px" style="padding-bottom: 50px;"><div class="caption">-</div></a><a><img src="images/PICTURE_558.png" width="150px" height="150px" style="padding-bottom: 50px;"><div class="caption">F</div></a><a><img src="instructions/placeholder.PNG" width="150px" height="150px" style="padding-bottom: 50px;"><div class="caption">-</div></a><a><img src="instructions/placeholder.PNG" width="150px" height="150px" style="padding-bottom: 50px;"><div class="caption">-</div></a></div>,f,F,true,306,1532,1029,1332667,undefined,undefined,undefined
56,18,male,left,order_75_25,94,25,1,images/PICTURE_325.png,images/PICTURE_251.png,images/PICTURE_89.png,images/PICTURE_344.png,<div id="images"><a><img src="instructions/placeholder.PNG" width="150px" height="150px" style="padding-bottom: 50px;"><div class="caption">-</div></a><a><img src="instructions/placeholder.PNG" width="150px" height="150px" style="padding-bottom: 50px;"><div class="caption">-</div></a><a><img src="images/PICTURE_89.png" width="150px" height="150px" style="padding-bottom: 50px;"><div class="caption">J</div></a><a><img src="instructions/placeholder.PNG" width="150px" height="150px" style="padding-bottom: 50px;"><div class="caption">-</div></a></div>,j,J,true,484,13858,519,1349534,undefined,undefined,undefined
56,18,male,left,order_75_25,95,25,1,images/PICTURE_15.png,images/PICTURE_400.png,images/PICTURE_358.png,images/PICTURE_651.png,<div id="images"><a><img src="instructions/placeholder.PNG" width="150px" height="150px" style="padding-bottom: 50px;"><div class="caption">-</div></a><a><img src="instructions/placeholder.PNG" width="150px" height="150px" style="padding-bottom: 50px;"><div class="caption">-</div></a><a><img src="instructions/placeholder.PNG" width="150px" height="150px" style="padding-bottom: 50px;"><div class="caption">-</div></a><a><img src="images/PICTURE_651.png" width="150px" height="150px" style="padding-bottom: 50px;"><div class="caption">K</div></a></div>,k,K,true,3658,2613,435,1358247,undefined,undefined,undefined
56,18,male,left,order_75_25,96,25,1,images/PICTURE_151.png,images/PICTURE_618.png,images/PICTURE_419.png,images/PICTURE_636.png,<div id="images"><a><img src="instructions/placeholder.PNG" width="150px" height="150px" style="padding-bottom: 50px;"><div class="caption">-</div></a><a><img src="images/PICTURE_618.png" width="150px" height="150px" style="padding-bottom: 50px;"><div class="caption">F</div></a><a><img src="instructions/placeholder.PNG" width="150px" height="150px" style="padding-bottom: 50px;"><div class="caption">-</div></a><a><img src="instructions/placeholder.PNG" width="150px" height="150px" style="padding-bottom: 50px;"><div class="caption">-</div></a></div>,f,F,true,349,2095,582,1363281,undefined,undefined,undefined
56,18,male,left,undefined,undefined,undefined,undefined,undefined,undefined,undefined,undefined,undefined,undefined,undefined,undefined,undefined,undefined,23291,1407265,Perseverance,1,2
56,18,male,left,undefined,undefined,undefined,undefined,undefined,undefined,undefined,undefined,undefined,undefined,undefined,undefined,undefined,undefined,5679,1412947,Premeditation,2,2
56,18,male,left,undefined,undefined,undefined,undefined,undefined,undefined,undefined,undefined,undefined,undefined,undefined,undefined,undefined,undefined,16613,1429562,Positive Urgency,3,3
56,18,male,left,undefined,undefined,undefined,undefined,undefined,undefined,undefined,undefined,undefined,undefined,undefined,undefined,undefined,undefined,7151,1436715,Perseverance,4,2
56,18,male,left,undefined,undefined,undefined,undefined,undefined,undefined,undefined,undefined,undefined,undefined,undefined,undefined,undefined,undefined,4019,1440737,Premeditation,5,2
56,18,male,left,undefined,undefined,undefined,undefined,undefined,undefined,undefined,undefined,undefined,undefined,undefined,undefined,undefined,undefined,16758,1457496,Negative Urgency,6,2
56,18,male,left,undefined,undefined,undefined,undefined,undefined,undefined,undefined,undefined,undefined,undefined,undefined,undefined,undefined,undefined,5188,1462686,Perseverance,7,1
56,18,male,left,undefined,undefined,undefined,undefined,undefined,undefined,undefined,undefined,undefined,undefined,undefined,undefined,undefined,undefined,7336,1470024,Negative Urgency,8,3
56,18,male,left,undefined,undefined,undefined,undefined,undefined,undefined,undefined,undefined,undefined,undefined,undefined,undefined,undefined,undefined,4849,1474875,Sensation Seeking,9,3
56,18,male,left,undefined,undefined,undefined,undefined,undefined,undefined,undefined,undefined,undefined,undefined,undefined,undefined,undefined,undefined,4149,1479026,Positive Urgency,10,3
56,18,male,left,undefined,undefined,undefined,undefined,undefined,undefined,undefined,undefined,undefined,undefined,undefined,undefined,undefined,undefined,3926,1482955,Perseverance,11,1
56,18,male,left,undefined,undefined,undefined,undefined,undefined,undefined,undefined,undefined,undefined,undefined,undefined,undefined,undefined,undefined,21900,1504856,Premeditation,12,2
56,18,male,left,undefined,undefined,undefined,undefined,undefined,undefined,undefined,undefined,undefined,undefined,undefined,undefined,undefined,undefined,5364,1510222,Negative Urgency,13,3
56,18,male,left,undefined,undefined,undefined,undefined,undefined,undefined,undefined,undefined,undefined,undefined,undefined,undefined,undefined,undefined,10314,1520537,Sensation Seeking,14,1
56,18,male,left,undefined,undefined,undefined,undefined,undefined,undefined,undefined,undefined,undefined,undefined,undefined,undefined,undefined,undefined,32180,1552719,Negative Urgency,15,3
56,18,male,left,undefined,undefined,undefined,undefined,undefined,undefined,undefined,undefined,undefined,undefined,undefined,undefined,undefined,undefined,7967,1560688,Sensation Seeking,16,1
56,18,male,left,undefined,undefined,undefined,undefined,undefined,undefined,undefined,undefined,undefined,undefined,undefined,undefined,undefined,undefined,10533,1571224,Positive Urgency,17,3
56,18,male,left,undefined,undefined,undefined,undefined,undefined,undefined,undefined,undefined,undefined,undefined,undefined,undefined,undefined,undefined,3764,1574989,Sensation Seeking,18,2
56,18,male,left,undefined,undefined,undefined,undefined,undefined,undefined,undefined,undefined,undefined,undefined,undefined,undefined,undefined,undefined,3485,1578476,Premeditation,19,2
56,18,male,left,undefined,undefined,undefined,undefined,undefined,undefined,undefined,undefined,undefined,undefined,undefined,undefined,undefined,undefined,4187,1582664,Positive Urgency,20,3
56,18,male,left,undefined,undefined,undefined,undefined,undefined,undefined,undefined,undefined,undefined,undefined,undefined,undefined,undefined,undefined,16986,1620231,Conscientiousness_TIPI,1,5
56,18,male,left,undefined,undefined,undefined,undefined,undefined,undefined,undefined,undefined,undefined,undefined,undefined,undefined,undefined,undefined,3104,1623336,Conscientiousness_TIPI,2,4
56,18,male,left,undefined,undefined,undefined,undefined,undefined,undefined,undefined,undefined,undefined,undefined,undefined,undefined,undefined,undefined,5133,1634214,Conscientiousness_BHI,1,4
56,18,male,left,undefined,undefined,undefined,undefined,undefined,undefined,undefined,undefined,undefined,undefined,undefined,undefined,undefined,undefined,10194,1644410,Conscientiousness_BHI,2,3
56,18,male,left,undefined,undefined,undefined,undefined,undefined,undefined,undefined,undefined,undefined,undefined,undefined,undefined,undefined,undefined,2124,1646535,Conscientiousness_BHI,3,4
56,18,male,left,undefined,undefined,undefined,undefined,undefined,undefined,undefined,undefined,undefined,undefined,undefined,undefined,undefined,undefined,4534,1651072,Conscientiousness_BHI,4,2
